[0m23:47:12.962344 [debug] [MainThread]: Sending event: {'category': 'dbt', 'action': 'invocation', 'label': 'start', 'context': [<snowplow_tracker.self_describing_json.SelfDescribingJson object at 0x0000024B1E2F3BC0>, <snowplow_tracker.self_describing_json.SelfDescribingJson object at 0x0000024B232E7CB0>, <snowplow_tracker.self_describing_json.SelfDescribingJson object at 0x0000024B232E46E0>]}


============================== 23:47:12.966366 | 23b8c565-d155-4f41-84ed-853ce70b201d ==============================
[0m23:47:12.966366 [info ] [MainThread]: Running with dbt=1.12.4
[0m23:47:12.967350 [debug] [MainThread]: running dbt with arguments {'static_parser': 'True', 'no_print': 'None', 'version_check': 'True', 'target_path': 'None', 'maximum_seed_size_mib': '1', 'warn_error_options': 'WarnErrorOptionsV2(error=[], warn=[], silence=[])', 'printer_width': '80', 'write_json': 'True', 'empty': 'None', 'log_cache_events': 'False', 'introspect': 'True', 'cache_selected_only': 'False', 'fail_fast': 'False', 'debug': 'False', 'log_format': 'default', 'partial_parse': 'True', 'send_anonymous_usage_stats': 'True', 'quiet': 'False', 'warn_error': 'None', 'profiles_dir': 'dbt', 'invocation_command': 'dbt debug --project-dir dbt --profiles-dir dbt', 'hints_enabled': 'True', 'use_colors': 'True', 'use_experimental_parser': 'False', 'indirect_selection': 'eager', 'log_path': 'dbt\\logs'}
[0m23:47:12.986631 [info ] [MainThread]: dbt version: 1.12.4
[0m23:47:12.986631 [info ] [MainThread]: python version: 3.12.1
[0m23:47:12.987593 [info ] [MainThread]: python path: C:\Users\ykkad\Documents\Project26\GridOps\.venv\Scripts\python.exe
[0m23:47:12.987593 [info ] [MainThread]: os info: Windows-11-10.0.26200-SP0
[0m23:47:12.988591 [info ] [MainThread]: Using profiles dir at dbt
[0m23:47:12.988591 [info ] [MainThread]: Using profiles.yml file at dbt\profiles.yml
[0m23:47:12.988591 [info ] [MainThread]: Using dbt_project.yml file at dbt\dbt_project.yml
[0m23:47:13.084030 [info ] [MainThread]: Configuration:
[0m23:47:13.085057 [info ] [MainThread]:   profiles.yml file [[31mERROR not found[0m]
[0m23:47:13.086043 [info ] [MainThread]:   dbt_project.yml file [[32mOK found and valid[0m]
[0m23:47:13.086043 [info ] [MainThread]: Required dependencies:
[0m23:47:13.087044 [debug] [MainThread]: Executing "git --help"
[0m23:47:13.127773 [debug] [MainThread]: STDOUT: "b"usage: git [-v | --version] [-h | --help] [-C <path>] [-c <name>=<value>]\n           [--exec-path[=<path>]] [--html-path] [--man-path] [--info-path]\n           [-p | --paginate | -P | --no-pager] [--no-replace-objects] [--bare]\n           [--git-dir=<path>] [--work-tree=<path>] [--namespace=<name>]\n           [--config-env=<name>=<envvar>] <command> [<args>]\n\nThese are common Git commands used in various situations:\n\nstart a working area (see also: git help tutorial)\n   clone     Clone a repository into a new directory\n   init      Create an empty Git repository or reinitialize an existing one\n\nwork on the current change (see also: git help everyday)\n   add       Add file contents to the index\n   mv        Move or rename a file, a directory, or a symlink\n   restore   Restore working tree files\n   rm        Remove files from the working tree and from the index\n\nexamine the history and state (see also: git help revisions)\n   bisect    Use binary search to find the commit that introduced a bug\n   diff      Show changes between commits, commit and working tree, etc\n   grep      Print lines matching a pattern\n   log       Show commit logs\n   show      Show various types of objects\n   status    Show the working tree status\n\ngrow, mark and tweak your common history\n   branch    List, create, or delete branches\n   commit    Record changes to the repository\n   merge     Join two or more development histories together\n   rebase    Reapply commits on top of another base tip\n   reset     Reset current HEAD to the specified state\n   switch    Switch branches\n   tag       Create, list, delete or verify a tag object signed with GPG\n\ncollaborate (see also: git help workflows)\n   fetch     Download objects and refs from another repository\n   pull      Fetch from and integrate with another repository or a local branch\n   push      Update remote refs along with associated objects\n\n'git help -a' and 'git help -g' list available subcommands and some\nconcept guides. See 'git help <command>' or 'git help <concept>'\nto read about a specific subcommand or concept.\nSee 'git help git' for an overview of the system.\n""
[0m23:47:13.129112 [debug] [MainThread]: STDERR: "b''"
[0m23:47:13.129112 [info ] [MainThread]:  - git [[32mOK found[0m]

[0m23:47:13.130114 [info ] [MainThread]: Connection test skipped since no profile was found
[0m23:47:13.130114 [info ] [MainThread]: [31m1 check failed:[0m
[0m23:47:13.131115 [info ] [MainThread]: dbt looked for a profiles.yml file in dbt\profiles.yml, but did
not find one. For more information on configuring your profile, consult the
documentation:

https://docs.getdbt.com/docs/configure-your-profile


[0m23:47:13.132115 [debug] [MainThread]: Command `dbt debug` failed at 23:47:13.132115 after 0.33 seconds
[0m23:47:13.132115 [debug] [MainThread]: Sending event: {'category': 'dbt', 'action': 'invocation', 'label': 'end', 'context': [<snowplow_tracker.self_describing_json.SelfDescribingJson object at 0x0000024B232E58E0>, <snowplow_tracker.self_describing_json.SelfDescribingJson object at 0x0000024B232E46E0>, <snowplow_tracker.self_describing_json.SelfDescribingJson object at 0x0000024B232E5FD0>]}
[0m23:47:13.133113 [debug] [MainThread]: Flushing usage events
[0m23:47:13.425824 [debug] [MainThread]: An error was encountered while trying to flush usage events
[0m23:47:38.453337 [debug] [MainThread]: Sending event: {'category': 'dbt', 'action': 'invocation', 'label': 'start', 'context': [<snowplow_tracker.self_describing_json.SelfDescribingJson object at 0x0000027BD9D8F8C0>, <snowplow_tracker.self_describing_json.SelfDescribingJson object at 0x0000027BDD3DA270>, <snowplow_tracker.self_describing_json.SelfDescribingJson object at 0x0000027BDD3D9550>]}


============================== 23:47:38.456586 | 652ce1e6-00ec-476c-9616-ff4d53e4a4eb ==============================
[0m23:47:38.456586 [info ] [MainThread]: Running with dbt=1.12.4
[0m23:47:38.457574 [debug] [MainThread]: running dbt with arguments {'version_check': 'True', 'no_print': 'None', 'static_parser': 'True', 'target_path': 'None', 'warn_error_options': 'WarnErrorOptionsV2(error=[], warn=[], silence=[])', 'maximum_seed_size_mib': '1', 'printer_width': '80', 'write_json': 'True', 'introspect': 'True', 'log_cache_events': 'False', 'empty': 'None', 'cache_selected_only': 'False', 'fail_fast': 'False', 'debug': 'False', 'log_format': 'default', 'profiles_dir': 'dbt', 'send_anonymous_usage_stats': 'True', 'quiet': 'False', 'warn_error': 'None', 'partial_parse': 'True', 'invocation_command': 'dbt debug --project-dir dbt --profiles-dir dbt', 'hints_enabled': 'True', 'indirect_selection': 'eager', 'use_experimental_parser': 'False', 'use_colors': 'True', 'log_path': 'dbt\\logs'}
[0m23:47:38.472589 [info ] [MainThread]: dbt version: 1.12.4
[0m23:47:38.472589 [info ] [MainThread]: python version: 3.12.1
[0m23:47:38.473576 [info ] [MainThread]: python path: C:\Users\ykkad\Documents\Project26\GridOps\.venv\Scripts\python.exe
[0m23:47:38.473576 [info ] [MainThread]: os info: Windows-11-10.0.26200-SP0
[0m23:47:38.473576 [info ] [MainThread]: Using profiles dir at dbt
[0m23:47:38.474807 [info ] [MainThread]: Using profiles.yml file at dbt\profiles.yml
[0m23:47:38.474807 [info ] [MainThread]: Using dbt_project.yml file at dbt\dbt_project.yml
[0m23:47:38.587034 [info ] [MainThread]: Configuration:
[0m23:47:38.588099 [info ] [MainThread]:   profiles.yml file [[31mERROR not found[0m]
[0m23:47:38.588099 [info ] [MainThread]:   dbt_project.yml file [[32mOK found and valid[0m]
[0m23:47:38.588964 [info ] [MainThread]: Required dependencies:
[0m23:47:38.588964 [debug] [MainThread]: Executing "git --help"
[0m23:47:38.622374 [debug] [MainThread]: STDOUT: "b"usage: git [-v | --version] [-h | --help] [-C <path>] [-c <name>=<value>]\n           [--exec-path[=<path>]] [--html-path] [--man-path] [--info-path]\n           [-p | --paginate | -P | --no-pager] [--no-replace-objects] [--bare]\n           [--git-dir=<path>] [--work-tree=<path>] [--namespace=<name>]\n           [--config-env=<name>=<envvar>] <command> [<args>]\n\nThese are common Git commands used in various situations:\n\nstart a working area (see also: git help tutorial)\n   clone     Clone a repository into a new directory\n   init      Create an empty Git repository or reinitialize an existing one\n\nwork on the current change (see also: git help everyday)\n   add       Add file contents to the index\n   mv        Move or rename a file, a directory, or a symlink\n   restore   Restore working tree files\n   rm        Remove files from the working tree and from the index\n\nexamine the history and state (see also: git help revisions)\n   bisect    Use binary search to find the commit that introduced a bug\n   diff      Show changes between commits, commit and working tree, etc\n   grep      Print lines matching a pattern\n   log       Show commit logs\n   show      Show various types of objects\n   status    Show the working tree status\n\ngrow, mark and tweak your common history\n   branch    List, create, or delete branches\n   commit    Record changes to the repository\n   merge     Join two or more development histories together\n   rebase    Reapply commits on top of another base tip\n   reset     Reset current HEAD to the specified state\n   switch    Switch branches\n   tag       Create, list, delete or verify a tag object signed with GPG\n\ncollaborate (see also: git help workflows)\n   fetch     Download objects and refs from another repository\n   pull      Fetch from and integrate with another repository or a local branch\n   push      Update remote refs along with associated objects\n\n'git help -a' and 'git help -g' list available subcommands and some\nconcept guides. See 'git help <command>' or 'git help <concept>'\nto read about a specific subcommand or concept.\nSee 'git help git' for an overview of the system.\n""
[0m23:47:38.622374 [debug] [MainThread]: STDERR: "b''"
[0m23:47:38.623375 [info ] [MainThread]:  - git [[32mOK found[0m]

[0m23:47:38.624150 [info ] [MainThread]: Connection test skipped since no profile was found
[0m23:47:38.624461 [info ] [MainThread]: [31m1 check failed:[0m
[0m23:47:38.624461 [info ] [MainThread]: dbt looked for a profiles.yml file in dbt\profiles.yml, but did
not find one. For more information on configuring your profile, consult the
documentation:

https://docs.getdbt.com/docs/configure-your-profile


[0m23:47:38.625966 [debug] [MainThread]: Command `dbt debug` failed at 23:47:38.625966 after 0.31 seconds
[0m23:47:38.625966 [debug] [MainThread]: Sending event: {'category': 'dbt', 'action': 'invocation', 'label': 'end', 'context': [<snowplow_tracker.self_describing_json.SelfDescribingJson object at 0x0000027BDD6DC170>, <snowplow_tracker.self_describing_json.SelfDescribingJson object at 0x0000027BD9D8F8C0>, <snowplow_tracker.self_describing_json.SelfDescribingJson object at 0x0000027BDEE56630>]}
[0m23:47:38.626996 [debug] [MainThread]: Flushing usage events
[0m23:47:38.850513 [debug] [MainThread]: An error was encountered while trying to flush usage events
[0m23:49:06.591285 [debug] [MainThread]: Sending event: {'category': 'dbt', 'action': 'invocation', 'label': 'start', 'context': [<snowplow_tracker.self_describing_json.SelfDescribingJson object at 0x0000027808170290>, <snowplow_tracker.self_describing_json.SelfDescribingJson object at 0x0000027808173EF0>, <snowplow_tracker.self_describing_json.SelfDescribingJson object at 0x00000278080174A0>]}


============================== 23:49:06.595302 | 1c436f96-daf0-4786-9590-cd03597f867b ==============================
[0m23:49:06.595302 [info ] [MainThread]: Running with dbt=1.12.4
[0m23:49:06.596284 [debug] [MainThread]: running dbt with arguments {'version_check': 'True', 'no_print': 'None', 'maximum_seed_size_mib': '1', 'warn_error_options': 'WarnErrorOptionsV2(error=[], warn=[], silence=[])', 'target_path': 'None', 'static_parser': 'True', 'printer_width': '80', 'write_json': 'True', 'introspect': 'True', 'log_cache_events': 'False', 'empty': 'None', 'cache_selected_only': 'False', 'fail_fast': 'False', 'debug': 'False', 'log_format': 'default', 'partial_parse': 'True', 'send_anonymous_usage_stats': 'True', 'quiet': 'False', 'warn_error': 'None', 'profiles_dir': 'dbt', 'use_colors': 'True', 'hints_enabled': 'True', 'indirect_selection': 'eager', 'use_experimental_parser': 'False', 'invocation_command': 'dbt debug --project-dir dbt --profiles-dir dbt', 'log_path': 'dbt\\logs'}
[0m23:49:06.612717 [info ] [MainThread]: dbt version: 1.12.4
[0m23:49:06.613739 [info ] [MainThread]: python version: 3.12.1
[0m23:49:06.613739 [info ] [MainThread]: python path: C:\Users\ykkad\Documents\Project26\GridOps\.venv\Scripts\python.exe
[0m23:49:06.613739 [info ] [MainThread]: os info: Windows-11-10.0.26200-SP0
[0m23:49:06.660931 [info ] [MainThread]: Using profiles dir at dbt
[0m23:49:06.661962 [info ] [MainThread]: Using profiles.yml file at dbt\profiles.yml
[0m23:49:06.661962 [info ] [MainThread]: Using dbt_project.yml file at dbt\dbt_project.yml
[0m23:49:06.662952 [info ] [MainThread]: adapter type: postgres
[0m23:49:06.663968 [info ] [MainThread]: adapter version: 1.11.0
[0m23:49:06.758437 [info ] [MainThread]: Configuration:
[0m23:49:06.759434 [info ] [MainThread]:   profiles.yml file [[32mOK found and valid[0m]
[0m23:49:06.759434 [info ] [MainThread]:   dbt_project.yml file [[32mOK found and valid[0m]
[0m23:49:06.760432 [info ] [MainThread]: Required dependencies:
[0m23:49:06.760432 [debug] [MainThread]: Executing "git --help"
[0m23:49:06.795204 [debug] [MainThread]: STDOUT: "b"usage: git [-v | --version] [-h | --help] [-C <path>] [-c <name>=<value>]\n           [--exec-path[=<path>]] [--html-path] [--man-path] [--info-path]\n           [-p | --paginate | -P | --no-pager] [--no-replace-objects] [--bare]\n           [--git-dir=<path>] [--work-tree=<path>] [--namespace=<name>]\n           [--config-env=<name>=<envvar>] <command> [<args>]\n\nThese are common Git commands used in various situations:\n\nstart a working area (see also: git help tutorial)\n   clone     Clone a repository into a new directory\n   init      Create an empty Git repository or reinitialize an existing one\n\nwork on the current change (see also: git help everyday)\n   add       Add file contents to the index\n   mv        Move or rename a file, a directory, or a symlink\n   restore   Restore working tree files\n   rm        Remove files from the working tree and from the index\n\nexamine the history and state (see also: git help revisions)\n   bisect    Use binary search to find the commit that introduced a bug\n   diff      Show changes between commits, commit and working tree, etc\n   grep      Print lines matching a pattern\n   log       Show commit logs\n   show      Show various types of objects\n   status    Show the working tree status\n\ngrow, mark and tweak your common history\n   branch    List, create, or delete branches\n   commit    Record changes to the repository\n   merge     Join two or more development histories together\n   rebase    Reapply commits on top of another base tip\n   reset     Reset current HEAD to the specified state\n   switch    Switch branches\n   tag       Create, list, delete or verify a tag object signed with GPG\n\ncollaborate (see also: git help workflows)\n   fetch     Download objects and refs from another repository\n   pull      Fetch from and integrate with another repository or a local branch\n   push      Update remote refs along with associated objects\n\n'git help -a' and 'git help -g' list available subcommands and some\nconcept guides. See 'git help <command>' or 'git help <concept>'\nto read about a specific subcommand or concept.\nSee 'git help git' for an overview of the system.\n""
[0m23:49:06.796201 [debug] [MainThread]: STDERR: "b''"
[0m23:49:06.797191 [info ] [MainThread]:  - git [[32mOK found[0m]

[0m23:49:06.797191 [info ] [MainThread]: Connection:
[0m23:49:06.798189 [info ] [MainThread]:   host: localhost
[0m23:49:06.798189 [info ] [MainThread]:   port: 5432
[0m23:49:06.799202 [info ] [MainThread]:   user: gridops
[0m23:49:06.799202 [info ] [MainThread]:   database: gridops
[0m23:49:06.799202 [info ] [MainThread]:   schema: public
[0m23:49:06.800453 [info ] [MainThread]:   connect_timeout: 10
[0m23:49:06.800453 [info ] [MainThread]:   role: None
[0m23:49:06.800453 [info ] [MainThread]:   search_path: None
[0m23:49:06.801445 [info ] [MainThread]:   keepalives_idle: 0
[0m23:49:06.801445 [info ] [MainThread]:   sslmode: None
[0m23:49:06.801445 [info ] [MainThread]:   sslcert: None
[0m23:49:06.802445 [info ] [MainThread]:   sslkey: None
[0m23:49:06.802445 [info ] [MainThread]:   sslrootcert: None
[0m23:49:06.803437 [info ] [MainThread]:   application_name: dbt
[0m23:49:06.803437 [info ] [MainThread]:   autocommit: False
[0m23:49:06.803437 [info ] [MainThread]:   retries: 1
[0m23:49:06.804529 [info ] [MainThread]: Registered adapter: postgres=1.11.0
[0m23:49:07.041610 [debug] [MainThread]: Acquiring new postgres connection 'debug'
[0m23:49:10.798763 [debug] [MainThread]: Using postgres connection "debug"
[0m23:49:10.799763 [debug] [MainThread]: On debug: select 1 as id
[0m23:49:10.799763 [debug] [MainThread]: Opening a new connection, currently in state init
[0m23:49:10.835562 [debug] [MainThread]: SQL status: SELECT 1 in 0.036 seconds
[0m23:49:10.837581 [debug] [MainThread]: On debug: Close
[0m23:49:10.837581 [info ] [MainThread]:   Connection test: [[32mOK connection ok[0m]

[0m23:49:10.838586 [info ] [MainThread]: [32mAll checks passed![0m
[0m23:49:10.839586 [debug] [MainThread]: Command `dbt debug` succeeded at 23:49:10.839586 after 4.39 seconds
[0m23:49:10.839586 [debug] [MainThread]: Connection 'debug' was properly closed.
[0m23:49:10.840613 [debug] [MainThread]: Sending event: {'category': 'dbt', 'action': 'invocation', 'label': 'end', 'context': [<snowplow_tracker.self_describing_json.SelfDescribingJson object at 0x0000027809B8F650>, <snowplow_tracker.self_describing_json.SelfDescribingJson object at 0x0000027809F48530>, <snowplow_tracker.self_describing_json.SelfDescribingJson object at 0x0000027807E8DAC0>]}
[0m23:49:10.840613 [debug] [MainThread]: Flushing usage events
[0m23:49:11.116844 [debug] [MainThread]: An error was encountered while trying to flush usage events
[0m23:58:32.429044 [debug] [MainThread]: Sending event: {'category': 'dbt', 'action': 'invocation', 'label': 'start', 'context': [<snowplow_tracker.self_describing_json.SelfDescribingJson object at 0x0000019F49885F10>, <snowplow_tracker.self_describing_json.SelfDescribingJson object at 0x0000019F479628A0>, <snowplow_tracker.self_describing_json.SelfDescribingJson object at 0x0000019F49887200>]}


============================== 23:58:32.432235 | 79a957ad-78fb-4fdb-9f11-345d1fdca733 ==============================
[0m23:58:32.432235 [info ] [MainThread]: Running with dbt=1.12.4
[0m23:58:32.433210 [debug] [MainThread]: running dbt with arguments {'version_check': 'True', 'no_print': 'None', 'static_parser': 'True', 'warn_error_options': 'WarnErrorOptionsV2(error=[], warn=[], silence=[])', 'target_path': 'None', 'maximum_seed_size_mib': '1', 'printer_width': '80', 'write_json': 'True', 'empty': 'False', 'log_cache_events': 'False', 'introspect': 'True', 'cache_selected_only': 'False', 'log_format': 'default', 'debug': 'False', 'fail_fast': 'False', 'profiles_dir': 'dbt', 'send_anonymous_usage_stats': 'True', 'quiet': 'False', 'warn_error': 'None', 'partial_parse': 'True', 'use_colors': 'True', 'hints_enabled': 'True', 'invocation_command': 'dbt run --project-dir dbt --profiles-dir dbt', 'use_experimental_parser': 'False', 'indirect_selection': 'eager', 'log_path': 'dbt\\logs'}
[0m23:58:32.639094 [debug] [MainThread]: Sending event: {'category': 'dbt', 'action': 'project_id', 'label': '79a957ad-78fb-4fdb-9f11-345d1fdca733', 'context': [<snowplow_tracker.self_describing_json.SelfDescribingJson object at 0x0000019F49B17A10>]}
[0m23:58:32.693923 [debug] [MainThread]: Sending event: {'category': 'dbt', 'action': 'adapter_info', 'label': '79a957ad-78fb-4fdb-9f11-345d1fdca733', 'context': [<snowplow_tracker.self_describing_json.SelfDescribingJson object at 0x0000019F47E37FE0>]}
[0m23:58:32.695428 [info ] [MainThread]: Registered adapter: postgres=1.11.0
[0m23:58:32.936691 [debug] [MainThread]: checksum: 4fe2789d14a25dab9eeacc6f069526561635e6649ca9fc476574c6cabd428b27, vars: {}, profile: gridops, target: dev, version: 1.12.4
[0m23:58:32.937694 [info ] [MainThread]: Unable to do partial parsing because saved manifest not found. Starting full parse.
[0m23:58:32.937694 [debug] [MainThread]: Sending event: {'category': 'dbt', 'action': 'partial_parser', 'label': '79a957ad-78fb-4fdb-9f11-345d1fdca733', 'context': [<snowplow_tracker.self_describing_json.SelfDescribingJson object at 0x0000019F49EA71A0>]}
[0m23:58:36.368508 [debug] [MainThread]: Sending event: {'category': 'dbt', 'action': 'load_project', 'label': '79a957ad-78fb-4fdb-9f11-345d1fdca733', 'context': [<snowplow_tracker.self_describing_json.SelfDescribingJson object at 0x0000019F4A58F6E0>]}
[0m23:58:36.439130 [debug] [MainThread]: Wrote artifact WritableManifest to dbt\target\manifest.json
[0m23:58:36.471836 [debug] [MainThread]: Wrote artifact SemanticManifest to dbt\target\semantic_manifest.json
[0m23:58:36.493870 [debug] [MainThread]: Wrote artifact OsiDocument to dbt\target\osi_document.json
[0m23:58:36.504949 [debug] [MainThread]: Sending event: {'category': 'dbt', 'action': 'resource_counts', 'label': '79a957ad-78fb-4fdb-9f11-345d1fdca733', 'context': [<snowplow_tracker.self_describing_json.SelfDescribingJson object at 0x0000019F4B83F170>]}
[0m23:58:36.505949 [info ] [MainThread]: Found 1 model, 12 data tests, 1 source, 477 macros
[0m23:58:36.505949 [debug] [MainThread]: Sending event: {'category': 'dbt', 'action': 'runnable_timing', 'label': '79a957ad-78fb-4fdb-9f11-345d1fdca733', 'context': [<snowplow_tracker.self_describing_json.SelfDescribingJson object at 0x0000019F4B78C530>]}
[0m23:58:36.507970 [info ] [MainThread]: 
[0m23:58:36.507970 [info ] [MainThread]: Concurrency: 4 threads (target='dev')
[0m23:58:36.508949 [info ] [MainThread]: 
[0m23:58:36.508949 [debug] [MainThread]: Acquiring new postgres connection 'master'
[0m23:58:36.509950 [debug] [ThreadPool]: Acquiring new postgres connection 'list_gridops'
[0m23:58:36.557811 [debug] [ThreadPool]: Using postgres connection "list_gridops"
[0m23:58:36.558817 [debug] [ThreadPool]: On list_gridops: /* {"app": "dbt", "dbt_version": "1.12.4", "profile_name": "gridops", "target_name": "dev", "connection_name": "list_gridops"} */

    select distinct nspname from pg_namespace
  
[0m23:58:36.558817 [debug] [ThreadPool]: Opening a new connection, currently in state init
[0m23:58:36.585979 [debug] [ThreadPool]: SQL status: SELECT 5 in 0.027 seconds
[0m23:58:36.586980 [debug] [ThreadPool]: On list_gridops: Close
[0m23:58:36.587981 [debug] [ThreadPool]: Re-using an available connection from the pool (formerly list_gridops, now create_gridops_public_staging)
[0m23:58:36.588981 [debug] [ThreadPool]: Creating schema "database: "gridops"
schema: "public_staging"
"
[0m23:58:36.591995 [debug] [ThreadPool]: Using postgres connection "create_gridops_public_staging"
[0m23:58:36.591995 [debug] [ThreadPool]: On create_gridops_public_staging: /* {"app": "dbt", "dbt_version": "1.12.4", "profile_name": "gridops", "target_name": "dev", "connection_name": "create_gridops_public_staging"} */
create schema if not exists "public_staging"
[0m23:58:36.591995 [debug] [ThreadPool]: Opening a new connection, currently in state closed
[0m23:58:36.613612 [debug] [ThreadPool]: SQL status: CREATE SCHEMA in 0.021 seconds
[0m23:58:36.614610 [debug] [ThreadPool]: On create_gridops_public_staging: COMMIT
[0m23:58:36.614610 [debug] [ThreadPool]: Using postgres connection "create_gridops_public_staging"
[0m23:58:36.615617 [debug] [ThreadPool]: On create_gridops_public_staging: COMMIT
[0m23:58:36.618797 [debug] [ThreadPool]: SQL status: COMMIT in 0.003 seconds
[0m23:58:36.618797 [debug] [ThreadPool]: On create_gridops_public_staging: Close
[0m23:58:36.620799 [debug] [ThreadPool]: Acquiring new postgres connection 'list_gridops_public_staging'
[0m23:58:36.624543 [debug] [ThreadPool]: Using postgres connection "list_gridops_public_staging"
[0m23:58:36.625573 [debug] [ThreadPool]: On list_gridops_public_staging: /* {"app": "dbt", "dbt_version": "1.12.4", "profile_name": "gridops", "target_name": "dev", "connection_name": "list_gridops_public_staging"} */
select
      'gridops' as database,
      tablename as name,
      schemaname as schema,
      'table' as type
    from pg_tables
    where schemaname ilike 'public_staging'
    union all
    select
      'gridops' as database,
      viewname as name,
      schemaname as schema,
      'view' as type
    from pg_views
    where schemaname ilike 'public_staging'
    union all
    select
      'gridops' as database,
      matviewname as name,
      schemaname as schema,
      'materialized_view' as type
    from pg_matviews
    where schemaname ilike 'public_staging'
    union all
    select distinct
     'gridops' as database,
     proname as name,
     ns.nspname as schema,
     'function' as type
    from pg_proc
     join pg_namespace as ns on pronamespace = ns.oid
    where ns.nspname ilike 'public_staging'
  
[0m23:58:36.625573 [debug] [ThreadPool]: Opening a new connection, currently in state init
[0m23:58:36.646495 [debug] [ThreadPool]: SQL status: SELECT 0 in 0.020 seconds
[0m23:58:36.647519 [debug] [ThreadPool]: On list_gridops_public_staging: ROLLBACK
[0m23:58:36.648058 [debug] [ThreadPool]: On list_gridops_public_staging: Close
[0m23:58:36.651224 [debug] [MainThread]: Using postgres connection "master"
[0m23:58:36.651224 [debug] [MainThread]: On master: /* {"app": "dbt", "dbt_version": "1.12.4", "profile_name": "gridops", "target_name": "dev", "connection_name": "master"} */
select distinct
        dependent_namespace.nspname as dependent_schema,
        dependent_class.relname as dependent_name,
        referenced_namespace.nspname as referenced_schema,
        referenced_class.relname as referenced_name

    -- Query for views: views are entries in pg_class with an entry in pg_rewrite, but we avoid
    -- a seq scan on pg_rewrite by leveraging the fact there is an "internal" row in pg_depend for
    -- the view...
    from pg_class as dependent_class
    join pg_namespace as dependent_namespace on dependent_namespace.oid = dependent_class.relnamespace
    join pg_depend as dependent_depend on dependent_depend.refobjid = dependent_class.oid
        and dependent_depend.classid = 'pg_rewrite'::regclass
        and dependent_depend.refclassid = 'pg_class'::regclass
        and dependent_depend.deptype = 'i'

    -- ... and via pg_depend (that has a row per column, hence the need for "distinct" above, and
    -- making sure to exclude the internal row to avoid a view appearing to depend on itself)...
    join pg_depend as joining_depend on joining_depend.objid = dependent_depend.objid
        and joining_depend.classid = 'pg_rewrite'::regclass
        and joining_depend.refclassid = 'pg_class'::regclass
        and joining_depend.refobjid != dependent_depend.refobjid

    -- ... we can find the tables they query from in pg_class, but excluding system tables. Note we
    -- don't need need to exclude _dependent_ system tables, because they only query from other
    -- system tables, and so are automatically excluded by excluding _referenced_ system tables
    join pg_class as referenced_class on referenced_class.oid = joining_depend.refobjid
    join pg_namespace as referenced_namespace on referenced_namespace.oid = referenced_class.relnamespace
        and referenced_namespace.nspname != 'information_schema'
        and referenced_namespace.nspname not like 'pg\_%'

    order by
        dependent_schema, dependent_name, referenced_schema, referenced_name;
[0m23:58:36.652230 [debug] [MainThread]: Opening a new connection, currently in state init
[0m23:58:36.666004 [debug] [MainThread]: SQL status: SELECT 0 in 0.014 seconds
[0m23:58:36.667027 [debug] [MainThread]: Sending event: {'category': 'dbt', 'action': 'runnable_timing', 'label': '79a957ad-78fb-4fdb-9f11-345d1fdca733', 'context': [<snowplow_tracker.self_describing_json.SelfDescribingJson object at 0x0000019F4BC0A360>]}
[0m23:58:36.668025 [debug] [MainThread]: On master: ROLLBACK
[0m23:58:36.669002 [debug] [MainThread]: On master: COMMIT
[0m23:58:36.669002 [debug] [MainThread]: Using postgres connection "master"
[0m23:58:36.669002 [debug] [MainThread]: On master: COMMIT
[0m23:58:36.670039 [debug] [MainThread]: SQL status: COMMIT in 0.001 seconds
[0m23:58:36.671025 [debug] [MainThread]: On master: Close
[0m23:58:36.693578 [debug] [Thread-1 (]: Began running node model.gridops.stg_eia_demand
[0m23:58:36.694579 [info ] [Thread-1 (]: 1 of 1 START sql view model public_staging.stg_eia_demand ...................... [RUN]
[0m23:58:36.695839 [debug] [Thread-1 (]: Acquiring new postgres connection 'model.gridops.stg_eia_demand'
[0m23:58:36.695839 [debug] [Thread-1 (]: Began compiling node model.gridops.stg_eia_demand
[0m23:58:36.699839 [debug] [Thread-1 (]: Writing injected SQL for node "model.gridops.stg_eia_demand"
[0m23:58:36.702069 [debug] [Thread-1 (]: Began executing node model.gridops.stg_eia_demand
[0m23:58:36.724525 [debug] [Thread-1 (]: Writing runtime sql for node "model.gridops.stg_eia_demand"
[0m23:58:36.728040 [debug] [Thread-1 (]: Using postgres connection "model.gridops.stg_eia_demand"
[0m23:58:36.728040 [debug] [Thread-1 (]: On model.gridops.stg_eia_demand: /* {"app": "dbt", "dbt_version": "1.12.4", "profile_name": "gridops", "target_name": "dev", "node_id": "model.gridops.stg_eia_demand"} */

  create view "gridops"."public_staging"."stg_eia_demand__dbt_tmp"
    
    
  as (
    select
    period as observed_at,
    respondent,
    respondent_name,
    data_type,
    type_name,
    value as demand_value,
    value_units,
    ingested_at

from "gridops"."raw"."eia_region_data"

where respondent = 'PJM'
  and data_type = 'D'
  );
[0m23:58:36.729039 [debug] [Thread-1 (]: Opening a new connection, currently in state init
[0m23:58:36.744302 [debug] [Thread-1 (]: SQL status: CREATE VIEW in 0.016 seconds
[0m23:58:36.749301 [debug] [Thread-1 (]: Using postgres connection "model.gridops.stg_eia_demand"
[0m23:58:36.749301 [debug] [Thread-1 (]: On model.gridops.stg_eia_demand: /* {"app": "dbt", "dbt_version": "1.12.4", "profile_name": "gridops", "target_name": "dev", "node_id": "model.gridops.stg_eia_demand"} */
alter table "gridops"."public_staging"."stg_eia_demand__dbt_tmp" rename to "stg_eia_demand"
[0m23:58:36.750300 [debug] [Thread-1 (]: SQL status: ALTER TABLE in 0.001 seconds
[0m23:58:36.760316 [debug] [Thread-1 (]: On model.gridops.stg_eia_demand: COMMIT
[0m23:58:36.760316 [debug] [Thread-1 (]: Using postgres connection "model.gridops.stg_eia_demand"
[0m23:58:36.761325 [debug] [Thread-1 (]: On model.gridops.stg_eia_demand: COMMIT
[0m23:58:36.765437 [debug] [Thread-1 (]: SQL status: COMMIT in 0.004 seconds
[0m23:58:36.769457 [debug] [Thread-1 (]: Applying DROP to: "gridops"."public_staging"."stg_eia_demand__dbt_backup"
[0m23:58:36.772455 [debug] [Thread-1 (]: Using postgres connection "model.gridops.stg_eia_demand"
[0m23:58:36.773454 [debug] [Thread-1 (]: On model.gridops.stg_eia_demand: /* {"app": "dbt", "dbt_version": "1.12.4", "profile_name": "gridops", "target_name": "dev", "node_id": "model.gridops.stg_eia_demand"} */
drop view if exists "gridops"."public_staging"."stg_eia_demand__dbt_backup" cascade
[0m23:58:36.774440 [debug] [Thread-1 (]: SQL status: DROP VIEW in 0.001 seconds
[0m23:58:36.775963 [debug] [Thread-1 (]: On model.gridops.stg_eia_demand: Close
[0m23:58:36.779284 [debug] [Thread-1 (]: Sending event: {'category': 'dbt', 'action': 'run_model', 'label': '79a957ad-78fb-4fdb-9f11-345d1fdca733', 'context': [<snowplow_tracker.self_describing_json.SelfDescribingJson object at 0x0000019F451D7FE0>]}
[0m23:58:36.779284 [info ] [Thread-1 (]: 1 of 1 OK created sql view model public_staging.stg_eia_demand ................. [[32mCREATE VIEW[0m in 0.08s]
[0m23:58:36.780284 [debug] [Thread-1 (]: Finished running node model.gridops.stg_eia_demand
[0m23:58:36.782285 [debug] [MainThread]: On master: COMMIT
[0m23:58:36.782285 [debug] [MainThread]: Using postgres connection "master"
[0m23:58:36.782285 [debug] [MainThread]: On master: COMMIT
[0m23:58:36.783284 [debug] [MainThread]: Opening a new connection, currently in state closed
[0m23:58:36.801449 [debug] [MainThread]: SQL status: COMMIT in 0.018 seconds
[0m23:58:36.802476 [debug] [MainThread]: On master: Close
[0m23:58:36.802476 [debug] [MainThread]: Connection 'master' was properly closed.
[0m23:58:36.803451 [debug] [MainThread]: Connection 'create_gridops_public_staging' was properly closed.
[0m23:58:36.803451 [debug] [MainThread]: Connection 'list_gridops_public_staging' was properly closed.
[0m23:58:36.804449 [debug] [MainThread]: Connection 'model.gridops.stg_eia_demand' was properly closed.
[0m23:58:36.804449 [info ] [MainThread]: 
[0m23:58:36.804449 [info ] [MainThread]: Finished running 1 view model in 0 hours 0 minutes and 0.30 seconds (0.30s).
[0m23:58:36.805615 [debug] [MainThread]: Command end result
[0m23:58:36.889079 [debug] [MainThread]: Wrote artifact WritableManifest to dbt\target\manifest.json
[0m23:58:36.892087 [debug] [MainThread]: Wrote artifact SemanticManifest to dbt\target\semantic_manifest.json
[0m23:58:36.895159 [debug] [MainThread]: Wrote artifact OsiDocument to dbt\target\osi_document.json
[0m23:58:36.899144 [debug] [MainThread]: Wrote artifact RunExecutionResult to dbt\target\run_results.json
[0m23:58:36.899144 [info ] [MainThread]: 
[0m23:58:36.900467 [info ] [MainThread]: [32mCompleted successfully[0m
[0m23:58:36.900467 [info ] [MainThread]: 
[0m23:58:36.901473 [info ] [MainThread]: Done. PASS=1 WARN=0 ERROR=0 SKIP=0 NO-OP=0 REUSED=0 TOTAL=1
[0m23:58:36.902473 [debug] [MainThread]: Command `dbt run` succeeded at 23:58:36.902473 after 4.62 seconds
[0m23:58:36.903500 [debug] [MainThread]: Sending event: {'category': 'dbt', 'action': 'invocation', 'label': 'end', 'context': [<snowplow_tracker.self_describing_json.SelfDescribingJson object at 0x0000019F45374890>, <snowplow_tracker.self_describing_json.SelfDescribingJson object at 0x0000019F453767B0>, <snowplow_tracker.self_describing_json.SelfDescribingJson object at 0x0000019F47C66330>]}
[0m23:58:36.903500 [debug] [MainThread]: Flushing usage events
[0m23:58:37.137934 [debug] [MainThread]: An error was encountered while trying to flush usage events
[0m23:58:48.694594 [debug] [MainThread]: Sending event: {'category': 'dbt', 'action': 'invocation', 'label': 'start', 'context': [<snowplow_tracker.self_describing_json.SelfDescribingJson object at 0x000001DF85BC3A70>, <snowplow_tracker.self_describing_json.SelfDescribingJson object at 0x000001DF878EB4A0>, <snowplow_tracker.self_describing_json.SelfDescribingJson object at 0x000001DF882BB7D0>]}


============================== 23:58:48.698592 | 4888d88d-a9f4-4dfe-925f-6d3cdab8e64d ==============================
[0m23:58:48.698592 [info ] [MainThread]: Running with dbt=1.12.4
[0m23:58:48.699922 [debug] [MainThread]: running dbt with arguments {'version_check': 'True', 'no_print': 'None', 'maximum_seed_size_mib': '1', 'target_path': 'None', 'warn_error_options': 'WarnErrorOptionsV2(error=[], warn=[], silence=[])', 'static_parser': 'True', 'printer_width': '80', 'write_json': 'True', 'empty': 'None', 'log_cache_events': 'False', 'introspect': 'True', 'cache_selected_only': 'False', 'fail_fast': 'False', 'debug': 'False', 'log_format': 'default', 'partial_parse': 'True', 'send_anonymous_usage_stats': 'True', 'quiet': 'False', 'warn_error': 'None', 'profiles_dir': 'dbt', 'invocation_command': 'dbt test --project-dir dbt --profiles-dir dbt', 'hints_enabled': 'True', 'indirect_selection': 'eager', 'use_experimental_parser': 'False', 'use_colors': 'True', 'log_path': 'dbt\\logs'}
[0m23:58:48.869072 [debug] [MainThread]: Sending event: {'category': 'dbt', 'action': 'project_id', 'label': '4888d88d-a9f4-4dfe-925f-6d3cdab8e64d', 'context': [<snowplow_tracker.self_describing_json.SelfDescribingJson object at 0x000001DF8A82E330>]}
[0m23:58:48.927048 [debug] [MainThread]: Sending event: {'category': 'dbt', 'action': 'adapter_info', 'label': '4888d88d-a9f4-4dfe-925f-6d3cdab8e64d', 'context': [<snowplow_tracker.self_describing_json.SelfDescribingJson object at 0x000001DF88955550>]}
[0m23:58:48.929060 [info ] [MainThread]: Registered adapter: postgres=1.11.0
[0m23:58:49.117135 [debug] [MainThread]: checksum: 4fe2789d14a25dab9eeacc6f069526561635e6649ca9fc476574c6cabd428b27, vars: {}, profile: gridops, target: dev, version: 1.12.4
[0m23:58:49.238889 [debug] [MainThread]: Partial parsing enabled: 0 files deleted, 0 files added, 0 files changed.
[0m23:58:49.238889 [debug] [MainThread]: Nothing changed, skipping partial parsing.
[0m23:58:49.239881 [debug] [MainThread]: Partial parsing enabled, no changes found, skipping parsing
[0m23:58:49.245411 [debug] [MainThread]: Sending event: {'category': 'dbt', 'action': 'load_project', 'label': '4888d88d-a9f4-4dfe-925f-6d3cdab8e64d', 'context': [<snowplow_tracker.self_describing_json.SelfDescribingJson object at 0x000001DF8AA511C0>]}
[0m23:58:49.333612 [debug] [MainThread]: Wrote artifact WritableManifest to dbt\target\manifest.json
[0m23:58:49.335639 [debug] [MainThread]: Wrote artifact SemanticManifest to dbt\target\semantic_manifest.json
[0m23:58:49.407535 [debug] [MainThread]: Wrote artifact OsiDocument to dbt\target\osi_document.json
[0m23:58:49.424831 [debug] [MainThread]: Sending event: {'category': 'dbt', 'action': 'resource_counts', 'label': '4888d88d-a9f4-4dfe-925f-6d3cdab8e64d', 'context': [<snowplow_tracker.self_describing_json.SelfDescribingJson object at 0x000001DF8A90DB50>]}
[0m23:58:49.424831 [info ] [MainThread]: Found 1 model, 12 data tests, 1 source, 477 macros
[0m23:58:49.426321 [debug] [MainThread]: Sending event: {'category': 'dbt', 'action': 'runnable_timing', 'label': '4888d88d-a9f4-4dfe-925f-6d3cdab8e64d', 'context': [<snowplow_tracker.self_describing_json.SelfDescribingJson object at 0x000001DF8AD99D00>]}
[0m23:58:49.427337 [info ] [MainThread]: 
[0m23:58:49.428335 [info ] [MainThread]: Concurrency: 4 threads (target='dev')
[0m23:58:49.428335 [info ] [MainThread]: 
[0m23:58:49.429341 [debug] [MainThread]: Acquiring new postgres connection 'master'
[0m23:58:49.430345 [debug] [ThreadPool]: Acquiring new postgres connection 'list_gridops_public_staging'
[0m23:58:49.479508 [debug] [ThreadPool]: Using postgres connection "list_gridops_public_staging"
[0m23:58:49.480508 [debug] [ThreadPool]: On list_gridops_public_staging: /* {"app": "dbt", "dbt_version": "1.12.4", "profile_name": "gridops", "target_name": "dev", "connection_name": "list_gridops_public_staging"} */
select
      'gridops' as database,
      tablename as name,
      schemaname as schema,
      'table' as type
    from pg_tables
    where schemaname ilike 'public_staging'
    union all
    select
      'gridops' as database,
      viewname as name,
      schemaname as schema,
      'view' as type
    from pg_views
    where schemaname ilike 'public_staging'
    union all
    select
      'gridops' as database,
      matviewname as name,
      schemaname as schema,
      'materialized_view' as type
    from pg_matviews
    where schemaname ilike 'public_staging'
    union all
    select distinct
     'gridops' as database,
     proname as name,
     ns.nspname as schema,
     'function' as type
    from pg_proc
     join pg_namespace as ns on pronamespace = ns.oid
    where ns.nspname ilike 'public_staging'
  
[0m23:58:49.480508 [debug] [ThreadPool]: Opening a new connection, currently in state init
[0m23:58:49.511477 [debug] [ThreadPool]: SQL status: SELECT 1 in 0.031 seconds
[0m23:58:49.512462 [debug] [ThreadPool]: On list_gridops_public_staging: ROLLBACK
[0m23:58:49.513483 [debug] [ThreadPool]: On list_gridops_public_staging: Close
[0m23:58:49.515487 [debug] [MainThread]: Using postgres connection "master"
[0m23:58:49.517017 [debug] [MainThread]: On master: /* {"app": "dbt", "dbt_version": "1.12.4", "profile_name": "gridops", "target_name": "dev", "connection_name": "master"} */
select distinct
        dependent_namespace.nspname as dependent_schema,
        dependent_class.relname as dependent_name,
        referenced_namespace.nspname as referenced_schema,
        referenced_class.relname as referenced_name

    -- Query for views: views are entries in pg_class with an entry in pg_rewrite, but we avoid
    -- a seq scan on pg_rewrite by leveraging the fact there is an "internal" row in pg_depend for
    -- the view...
    from pg_class as dependent_class
    join pg_namespace as dependent_namespace on dependent_namespace.oid = dependent_class.relnamespace
    join pg_depend as dependent_depend on dependent_depend.refobjid = dependent_class.oid
        and dependent_depend.classid = 'pg_rewrite'::regclass
        and dependent_depend.refclassid = 'pg_class'::regclass
        and dependent_depend.deptype = 'i'

    -- ... and via pg_depend (that has a row per column, hence the need for "distinct" above, and
    -- making sure to exclude the internal row to avoid a view appearing to depend on itself)...
    join pg_depend as joining_depend on joining_depend.objid = dependent_depend.objid
        and joining_depend.classid = 'pg_rewrite'::regclass
        and joining_depend.refclassid = 'pg_class'::regclass
        and joining_depend.refobjid != dependent_depend.refobjid

    -- ... we can find the tables they query from in pg_class, but excluding system tables. Note we
    -- don't need need to exclude _dependent_ system tables, because they only query from other
    -- system tables, and so are automatically excluded by excluding _referenced_ system tables
    join pg_class as referenced_class on referenced_class.oid = joining_depend.refobjid
    join pg_namespace as referenced_namespace on referenced_namespace.oid = referenced_class.relnamespace
        and referenced_namespace.nspname != 'information_schema'
        and referenced_namespace.nspname not like 'pg\_%'

    order by
        dependent_schema, dependent_name, referenced_schema, referenced_name;
[0m23:58:49.517017 [debug] [MainThread]: Opening a new connection, currently in state init
[0m23:58:49.540233 [debug] [MainThread]: SQL status: SELECT 1 in 0.023 seconds
[0m23:58:49.541360 [debug] [MainThread]: Sending event: {'category': 'dbt', 'action': 'runnable_timing', 'label': '4888d88d-a9f4-4dfe-925f-6d3cdab8e64d', 'context': [<snowplow_tracker.self_describing_json.SelfDescribingJson object at 0x000001DF8AEC1550>]}
[0m23:58:49.541360 [debug] [MainThread]: On master: ROLLBACK
[0m23:58:49.542937 [debug] [MainThread]: On master: COMMIT
[0m23:58:49.542937 [debug] [MainThread]: Using postgres connection "master"
[0m23:58:49.543974 [debug] [MainThread]: On master: COMMIT
[0m23:58:49.544951 [debug] [MainThread]: SQL status: COMMIT in 0.001 seconds
[0m23:58:49.544951 [debug] [MainThread]: On master: Close
[0m23:58:49.548975 [debug] [Thread-1 (]: Began running node test.gridops.not_null_stg_eia_demand_data_type.17a78ca6bf
[0m23:58:49.548975 [debug] [Thread-2 (]: Began running node test.gridops.not_null_stg_eia_demand_ingested_at.90029da647
[0m23:58:49.550176 [debug] [Thread-3 (]: Began running node test.gridops.not_null_stg_eia_demand_observed_at.2c35606241
[0m23:58:49.550176 [debug] [Thread-4 (]: Began running node test.gridops.not_null_stg_eia_demand_respondent.33c5346b13
[0m23:58:49.550176 [info ] [Thread-1 (]: 1 of 12 START test not_null_stg_eia_demand_data_type ........................... [RUN]
[0m23:58:49.551175 [info ] [Thread-2 (]: 2 of 12 START test not_null_stg_eia_demand_ingested_at ......................... [RUN]
[0m23:58:49.551175 [info ] [Thread-3 (]: 3 of 12 START test not_null_stg_eia_demand_observed_at ......................... [RUN]
[0m23:58:49.552176 [info ] [Thread-4 (]: 4 of 12 START test not_null_stg_eia_demand_respondent .......................... [RUN]
[0m23:58:49.552176 [debug] [Thread-1 (]: Acquiring new postgres connection 'test.gridops.not_null_stg_eia_demand_data_type.17a78ca6bf'
[0m23:58:49.553195 [debug] [Thread-2 (]: Acquiring new postgres connection 'test.gridops.not_null_stg_eia_demand_ingested_at.90029da647'
[0m23:58:49.553195 [debug] [Thread-3 (]: Acquiring new postgres connection 'test.gridops.not_null_stg_eia_demand_observed_at.2c35606241'
[0m23:58:49.554288 [debug] [Thread-4 (]: Acquiring new postgres connection 'test.gridops.not_null_stg_eia_demand_respondent.33c5346b13'
[0m23:58:49.554288 [debug] [Thread-1 (]: Began compiling node test.gridops.not_null_stg_eia_demand_data_type.17a78ca6bf
[0m23:58:49.554288 [debug] [Thread-2 (]: Began compiling node test.gridops.not_null_stg_eia_demand_ingested_at.90029da647
[0m23:58:49.555288 [debug] [Thread-3 (]: Began compiling node test.gridops.not_null_stg_eia_demand_observed_at.2c35606241
[0m23:58:49.555288 [debug] [Thread-4 (]: Began compiling node test.gridops.not_null_stg_eia_demand_respondent.33c5346b13
[0m23:58:49.566119 [debug] [Thread-1 (]: Writing injected SQL for node "test.gridops.not_null_stg_eia_demand_data_type.17a78ca6bf"
[0m23:58:49.571104 [debug] [Thread-2 (]: Writing injected SQL for node "test.gridops.not_null_stg_eia_demand_ingested_at.90029da647"
[0m23:58:49.575798 [debug] [Thread-3 (]: Writing injected SQL for node "test.gridops.not_null_stg_eia_demand_observed_at.2c35606241"
[0m23:58:49.579814 [debug] [Thread-4 (]: Writing injected SQL for node "test.gridops.not_null_stg_eia_demand_respondent.33c5346b13"
[0m23:58:49.581814 [debug] [Thread-2 (]: Began executing node test.gridops.not_null_stg_eia_demand_ingested_at.90029da647
[0m23:58:49.592384 [debug] [Thread-2 (]: Writing runtime sql for node "test.gridops.not_null_stg_eia_demand_ingested_at.90029da647"
[0m23:58:49.592384 [debug] [Thread-1 (]: Began executing node test.gridops.not_null_stg_eia_demand_data_type.17a78ca6bf
[0m23:58:49.593367 [debug] [Thread-3 (]: Began executing node test.gridops.not_null_stg_eia_demand_observed_at.2c35606241
[0m23:58:49.593367 [debug] [Thread-4 (]: Began executing node test.gridops.not_null_stg_eia_demand_respondent.33c5346b13
[0m23:58:49.595367 [debug] [Thread-1 (]: Writing runtime sql for node "test.gridops.not_null_stg_eia_demand_data_type.17a78ca6bf"
[0m23:58:49.597404 [debug] [Thread-3 (]: Writing runtime sql for node "test.gridops.not_null_stg_eia_demand_observed_at.2c35606241"
[0m23:58:49.598368 [debug] [Thread-4 (]: Writing runtime sql for node "test.gridops.not_null_stg_eia_demand_respondent.33c5346b13"
[0m23:58:49.598368 [debug] [Thread-2 (]: Using postgres connection "test.gridops.not_null_stg_eia_demand_ingested_at.90029da647"
[0m23:58:49.600372 [debug] [Thread-1 (]: Using postgres connection "test.gridops.not_null_stg_eia_demand_data_type.17a78ca6bf"
[0m23:58:49.600372 [debug] [Thread-2 (]: On test.gridops.not_null_stg_eia_demand_ingested_at.90029da647: /* {"app": "dbt", "dbt_version": "1.12.4", "profile_name": "gridops", "target_name": "dev", "node_id": "test.gridops.not_null_stg_eia_demand_ingested_at.90029da647"} */

    
    select
      count(*) as failures,
      count(*) != 0 as should_warn,
      count(*) != 0 as should_error
    from (
      
    
  
    
    



select ingested_at
from "gridops"."public_staging"."stg_eia_demand"
where ingested_at is null



  
  
      
    ) dbt_internal_test
[0m23:58:49.600372 [debug] [Thread-3 (]: Using postgres connection "test.gridops.not_null_stg_eia_demand_observed_at.2c35606241"
[0m23:58:49.601379 [debug] [Thread-1 (]: On test.gridops.not_null_stg_eia_demand_data_type.17a78ca6bf: /* {"app": "dbt", "dbt_version": "1.12.4", "profile_name": "gridops", "target_name": "dev", "node_id": "test.gridops.not_null_stg_eia_demand_data_type.17a78ca6bf"} */

    
    select
      count(*) as failures,
      count(*) != 0 as should_warn,
      count(*) != 0 as should_error
    from (
      
    
  
    
    



select data_type
from "gridops"."public_staging"."stg_eia_demand"
where data_type is null



  
  
      
    ) dbt_internal_test
[0m23:58:49.601379 [debug] [Thread-4 (]: Using postgres connection "test.gridops.not_null_stg_eia_demand_respondent.33c5346b13"
[0m23:58:49.602379 [debug] [Thread-2 (]: Opening a new connection, currently in state init
[0m23:58:49.602379 [debug] [Thread-3 (]: On test.gridops.not_null_stg_eia_demand_observed_at.2c35606241: /* {"app": "dbt", "dbt_version": "1.12.4", "profile_name": "gridops", "target_name": "dev", "node_id": "test.gridops.not_null_stg_eia_demand_observed_at.2c35606241"} */

    
    select
      count(*) as failures,
      count(*) != 0 as should_warn,
      count(*) != 0 as should_error
    from (
      
    
  
    
    



select observed_at
from "gridops"."public_staging"."stg_eia_demand"
where observed_at is null



  
  
      
    ) dbt_internal_test
[0m23:58:49.602379 [debug] [Thread-1 (]: Opening a new connection, currently in state init
[0m23:58:49.603426 [debug] [Thread-4 (]: On test.gridops.not_null_stg_eia_demand_respondent.33c5346b13: /* {"app": "dbt", "dbt_version": "1.12.4", "profile_name": "gridops", "target_name": "dev", "node_id": "test.gridops.not_null_stg_eia_demand_respondent.33c5346b13"} */

    
    select
      count(*) as failures,
      count(*) != 0 as should_warn,
      count(*) != 0 as should_error
    from (
      
    
  
    
    



select respondent
from "gridops"."public_staging"."stg_eia_demand"
where respondent is null



  
  
      
    ) dbt_internal_test
[0m23:58:49.603426 [debug] [Thread-3 (]: Opening a new connection, currently in state init
[0m23:58:49.604379 [debug] [Thread-4 (]: Opening a new connection, currently in state init
[0m23:58:49.617588 [debug] [Thread-3 (]: SQL status: SELECT 1 in 0.014 seconds
[0m23:58:49.621589 [debug] [Thread-3 (]: On test.gridops.not_null_stg_eia_demand_observed_at.2c35606241: ROLLBACK
[0m23:58:49.623588 [debug] [Thread-3 (]: On test.gridops.not_null_stg_eia_demand_observed_at.2c35606241: Close
[0m23:58:49.623588 [info ] [Thread-3 (]: 3 of 12 PASS not_null_stg_eia_demand_observed_at ............................... [[32mPASS[0m in 0.07s]
[0m23:58:49.625589 [debug] [Thread-3 (]: Finished running node test.gridops.not_null_stg_eia_demand_observed_at.2c35606241
[0m23:58:49.626094 [debug] [Thread-3 (]: Began running node test.gridops.not_null_stg_eia_demand_respondent_name.ff97f4a853
[0m23:58:49.626094 [info ] [Thread-3 (]: 5 of 12 START test not_null_stg_eia_demand_respondent_name ..................... [RUN]
[0m23:58:49.627102 [debug] [Thread-3 (]: Re-using an available connection from the pool (formerly test.gridops.not_null_stg_eia_demand_observed_at.2c35606241, now test.gridops.not_null_stg_eia_demand_respondent_name.ff97f4a853)
[0m23:58:49.628103 [debug] [Thread-3 (]: Began compiling node test.gridops.not_null_stg_eia_demand_respondent_name.ff97f4a853
[0m23:58:49.633126 [debug] [Thread-3 (]: Writing injected SQL for node "test.gridops.not_null_stg_eia_demand_respondent_name.ff97f4a853"
[0m23:58:49.633126 [debug] [Thread-4 (]: SQL status: SELECT 1 in 0.029 seconds
[0m23:58:49.634101 [debug] [Thread-2 (]: SQL status: SELECT 1 in 0.032 seconds
[0m23:58:49.634101 [debug] [Thread-1 (]: SQL status: SELECT 1 in 0.032 seconds
[0m23:58:49.635100 [debug] [Thread-4 (]: On test.gridops.not_null_stg_eia_demand_respondent.33c5346b13: ROLLBACK
[0m23:58:49.636207 [debug] [Thread-3 (]: Began executing node test.gridops.not_null_stg_eia_demand_respondent_name.ff97f4a853
[0m23:58:49.637387 [debug] [Thread-2 (]: On test.gridops.not_null_stg_eia_demand_ingested_at.90029da647: ROLLBACK
[0m23:58:49.637387 [debug] [Thread-1 (]: On test.gridops.not_null_stg_eia_demand_data_type.17a78ca6bf: ROLLBACK
[0m23:58:49.639315 [debug] [Thread-3 (]: Writing runtime sql for node "test.gridops.not_null_stg_eia_demand_respondent_name.ff97f4a853"
[0m23:58:49.640314 [debug] [Thread-4 (]: On test.gridops.not_null_stg_eia_demand_respondent.33c5346b13: Close
[0m23:58:49.641316 [debug] [Thread-1 (]: On test.gridops.not_null_stg_eia_demand_data_type.17a78ca6bf: Close
[0m23:58:49.641316 [debug] [Thread-2 (]: On test.gridops.not_null_stg_eia_demand_ingested_at.90029da647: Close
[0m23:58:49.641316 [info ] [Thread-4 (]: 4 of 12 PASS not_null_stg_eia_demand_respondent ................................ [[32mPASS[0m in 0.09s]
[0m23:58:49.642562 [debug] [Thread-3 (]: Using postgres connection "test.gridops.not_null_stg_eia_demand_respondent_name.ff97f4a853"
[0m23:58:49.643573 [info ] [Thread-1 (]: 1 of 12 PASS not_null_stg_eia_demand_data_type ................................. [[32mPASS[0m in 0.09s]
[0m23:58:49.644570 [info ] [Thread-2 (]: 2 of 12 PASS not_null_stg_eia_demand_ingested_at ............................... [[32mPASS[0m in 0.09s]
[0m23:58:49.645572 [debug] [Thread-4 (]: Finished running node test.gridops.not_null_stg_eia_demand_respondent.33c5346b13
[0m23:58:49.646573 [debug] [Thread-3 (]: On test.gridops.not_null_stg_eia_demand_respondent_name.ff97f4a853: /* {"app": "dbt", "dbt_version": "1.12.4", "profile_name": "gridops", "target_name": "dev", "node_id": "test.gridops.not_null_stg_eia_demand_respondent_name.ff97f4a853"} */

    
    select
      count(*) as failures,
      count(*) != 0 as should_warn,
      count(*) != 0 as should_error
    from (
      
    
  
    
    



select respondent_name
from "gridops"."public_staging"."stg_eia_demand"
where respondent_name is null



  
  
      
    ) dbt_internal_test
[0m23:58:49.647576 [debug] [Thread-1 (]: Finished running node test.gridops.not_null_stg_eia_demand_data_type.17a78ca6bf
[0m23:58:49.647576 [debug] [Thread-2 (]: Finished running node test.gridops.not_null_stg_eia_demand_ingested_at.90029da647
[0m23:58:49.648569 [debug] [Thread-4 (]: Began running node test.gridops.not_null_stg_eia_demand_type_name.587aa8c6e9
[0m23:58:49.649573 [debug] [Thread-3 (]: Opening a new connection, currently in state closed
[0m23:58:49.649573 [debug] [Thread-1 (]: Began running node test.gridops.not_null_stg_eia_demand_value_units.e4b924cd16
[0m23:58:49.649573 [debug] [Thread-2 (]: Began running node test.gridops.source_not_null_eia_eia_region_data_data_type.54091de26d
[0m23:58:49.650851 [info ] [Thread-4 (]: 6 of 12 START test not_null_stg_eia_demand_type_name ........................... [RUN]
[0m23:58:49.651852 [info ] [Thread-1 (]: 7 of 12 START test not_null_stg_eia_demand_value_units ......................... [RUN]
[0m23:58:49.651852 [info ] [Thread-2 (]: 8 of 12 START test source_not_null_eia_eia_region_data_data_type ............... [RUN]
[0m23:58:49.652851 [debug] [Thread-4 (]: Re-using an available connection from the pool (formerly test.gridops.not_null_stg_eia_demand_respondent.33c5346b13, now test.gridops.not_null_stg_eia_demand_type_name.587aa8c6e9)
[0m23:58:49.653853 [debug] [Thread-1 (]: Re-using an available connection from the pool (formerly test.gridops.not_null_stg_eia_demand_data_type.17a78ca6bf, now test.gridops.not_null_stg_eia_demand_value_units.e4b924cd16)
[0m23:58:49.653853 [debug] [Thread-2 (]: Re-using an available connection from the pool (formerly test.gridops.not_null_stg_eia_demand_ingested_at.90029da647, now test.gridops.source_not_null_eia_eia_region_data_data_type.54091de26d)
[0m23:58:49.654850 [debug] [Thread-4 (]: Began compiling node test.gridops.not_null_stg_eia_demand_type_name.587aa8c6e9
[0m23:58:49.654850 [debug] [Thread-1 (]: Began compiling node test.gridops.not_null_stg_eia_demand_value_units.e4b924cd16
[0m23:58:49.655853 [debug] [Thread-2 (]: Began compiling node test.gridops.source_not_null_eia_eia_region_data_data_type.54091de26d
[0m23:58:49.660283 [debug] [Thread-4 (]: Writing injected SQL for node "test.gridops.not_null_stg_eia_demand_type_name.587aa8c6e9"
[0m23:58:49.665330 [debug] [Thread-1 (]: Writing injected SQL for node "test.gridops.not_null_stg_eia_demand_value_units.e4b924cd16"
[0m23:58:49.669310 [debug] [Thread-2 (]: Writing injected SQL for node "test.gridops.source_not_null_eia_eia_region_data_data_type.54091de26d"
[0m23:58:49.670316 [debug] [Thread-4 (]: Began executing node test.gridops.not_null_stg_eia_demand_type_name.587aa8c6e9
[0m23:58:49.672294 [debug] [Thread-4 (]: Writing runtime sql for node "test.gridops.not_null_stg_eia_demand_type_name.587aa8c6e9"
[0m23:58:49.673295 [debug] [Thread-1 (]: Began executing node test.gridops.not_null_stg_eia_demand_value_units.e4b924cd16
[0m23:58:49.674296 [debug] [Thread-1 (]: Writing runtime sql for node "test.gridops.not_null_stg_eia_demand_value_units.e4b924cd16"
[0m23:58:49.674296 [debug] [Thread-2 (]: Began executing node test.gridops.source_not_null_eia_eia_region_data_data_type.54091de26d
[0m23:58:49.674296 [debug] [Thread-4 (]: Using postgres connection "test.gridops.not_null_stg_eia_demand_type_name.587aa8c6e9"
[0m23:58:49.676964 [debug] [Thread-2 (]: Writing runtime sql for node "test.gridops.source_not_null_eia_eia_region_data_data_type.54091de26d"
[0m23:58:49.676964 [debug] [Thread-4 (]: On test.gridops.not_null_stg_eia_demand_type_name.587aa8c6e9: /* {"app": "dbt", "dbt_version": "1.12.4", "profile_name": "gridops", "target_name": "dev", "node_id": "test.gridops.not_null_stg_eia_demand_type_name.587aa8c6e9"} */

    
    select
      count(*) as failures,
      count(*) != 0 as should_warn,
      count(*) != 0 as should_error
    from (
      
    
  
    
    



select type_name
from "gridops"."public_staging"."stg_eia_demand"
where type_name is null



  
  
      
    ) dbt_internal_test
[0m23:58:49.677967 [debug] [Thread-1 (]: Using postgres connection "test.gridops.not_null_stg_eia_demand_value_units.e4b924cd16"
[0m23:58:49.677967 [debug] [Thread-4 (]: Opening a new connection, currently in state closed
[0m23:58:49.678967 [debug] [Thread-1 (]: On test.gridops.not_null_stg_eia_demand_value_units.e4b924cd16: /* {"app": "dbt", "dbt_version": "1.12.4", "profile_name": "gridops", "target_name": "dev", "node_id": "test.gridops.not_null_stg_eia_demand_value_units.e4b924cd16"} */

    
    select
      count(*) as failures,
      count(*) != 0 as should_warn,
      count(*) != 0 as should_error
    from (
      
    
  
    
    



select value_units
from "gridops"."public_staging"."stg_eia_demand"
where value_units is null



  
  
      
    ) dbt_internal_test
[0m23:58:49.680156 [debug] [Thread-2 (]: Using postgres connection "test.gridops.source_not_null_eia_eia_region_data_data_type.54091de26d"
[0m23:58:49.680156 [debug] [Thread-1 (]: Opening a new connection, currently in state closed
[0m23:58:49.681153 [debug] [Thread-2 (]: On test.gridops.source_not_null_eia_eia_region_data_data_type.54091de26d: /* {"app": "dbt", "dbt_version": "1.12.4", "profile_name": "gridops", "target_name": "dev", "node_id": "test.gridops.source_not_null_eia_eia_region_data_data_type.54091de26d"} */

    
    select
      count(*) as failures,
      count(*) != 0 as should_warn,
      count(*) != 0 as should_error
    from (
      
    
  
    
    



select data_type
from "gridops"."raw"."eia_region_data"
where data_type is null



  
  
      
    ) dbt_internal_test
[0m23:58:49.682152 [debug] [Thread-2 (]: Opening a new connection, currently in state closed
[0m23:58:49.683152 [debug] [Thread-3 (]: SQL status: SELECT 1 in 0.034 seconds
[0m23:58:49.684154 [debug] [Thread-3 (]: On test.gridops.not_null_stg_eia_demand_respondent_name.ff97f4a853: ROLLBACK
[0m23:58:49.685154 [debug] [Thread-3 (]: On test.gridops.not_null_stg_eia_demand_respondent_name.ff97f4a853: Close
[0m23:58:49.686166 [info ] [Thread-3 (]: 5 of 12 PASS not_null_stg_eia_demand_respondent_name ........................... [[32mPASS[0m in 0.06s]
[0m23:58:49.687152 [debug] [Thread-3 (]: Finished running node test.gridops.not_null_stg_eia_demand_respondent_name.ff97f4a853
[0m23:58:49.687152 [debug] [Thread-3 (]: Began running node test.gridops.source_not_null_eia_eia_region_data_period.c5a2a4e56f
[0m23:58:49.688153 [info ] [Thread-3 (]: 9 of 12 START test source_not_null_eia_eia_region_data_period .................. [RUN]
[0m23:58:49.689152 [debug] [Thread-3 (]: Re-using an available connection from the pool (formerly test.gridops.not_null_stg_eia_demand_respondent_name.ff97f4a853, now test.gridops.source_not_null_eia_eia_region_data_period.c5a2a4e56f)
[0m23:58:49.689152 [debug] [Thread-3 (]: Began compiling node test.gridops.source_not_null_eia_eia_region_data_period.c5a2a4e56f
[0m23:58:49.696158 [debug] [Thread-3 (]: Writing injected SQL for node "test.gridops.source_not_null_eia_eia_region_data_period.c5a2a4e56f"
[0m23:58:49.697159 [debug] [Thread-3 (]: Began executing node test.gridops.source_not_null_eia_eia_region_data_period.c5a2a4e56f
[0m23:58:49.701167 [debug] [Thread-3 (]: Writing runtime sql for node "test.gridops.source_not_null_eia_eia_region_data_period.c5a2a4e56f"
[0m23:58:49.703096 [debug] [Thread-3 (]: Using postgres connection "test.gridops.source_not_null_eia_eia_region_data_period.c5a2a4e56f"
[0m23:58:49.703096 [debug] [Thread-3 (]: On test.gridops.source_not_null_eia_eia_region_data_period.c5a2a4e56f: /* {"app": "dbt", "dbt_version": "1.12.4", "profile_name": "gridops", "target_name": "dev", "node_id": "test.gridops.source_not_null_eia_eia_region_data_period.c5a2a4e56f"} */

    
    select
      count(*) as failures,
      count(*) != 0 as should_warn,
      count(*) != 0 as should_error
    from (
      
    
  
    
    



select period
from "gridops"."raw"."eia_region_data"
where period is null



  
  
      
    ) dbt_internal_test
[0m23:58:49.704368 [debug] [Thread-3 (]: Opening a new connection, currently in state closed
[0m23:58:49.716364 [debug] [Thread-2 (]: SQL status: SELECT 1 in 0.034 seconds
[0m23:58:49.716364 [debug] [Thread-1 (]: SQL status: SELECT 1 in 0.036 seconds
[0m23:58:49.717364 [debug] [Thread-4 (]: SQL status: SELECT 1 in 0.039 seconds
[0m23:58:49.717905 [debug] [Thread-2 (]: On test.gridops.source_not_null_eia_eia_region_data_data_type.54091de26d: ROLLBACK
[0m23:58:49.719627 [debug] [Thread-1 (]: On test.gridops.not_null_stg_eia_demand_value_units.e4b924cd16: ROLLBACK
[0m23:58:49.720633 [debug] [Thread-4 (]: On test.gridops.not_null_stg_eia_demand_type_name.587aa8c6e9: ROLLBACK
[0m23:58:49.721631 [debug] [Thread-2 (]: On test.gridops.source_not_null_eia_eia_region_data_data_type.54091de26d: Close
[0m23:58:49.722630 [debug] [Thread-1 (]: On test.gridops.not_null_stg_eia_demand_value_units.e4b924cd16: Close
[0m23:58:49.722630 [debug] [Thread-4 (]: On test.gridops.not_null_stg_eia_demand_type_name.587aa8c6e9: Close
[0m23:58:49.723632 [info ] [Thread-2 (]: 8 of 12 PASS source_not_null_eia_eia_region_data_data_type ..................... [[32mPASS[0m in 0.07s]
[0m23:58:49.724864 [info ] [Thread-1 (]: 7 of 12 PASS not_null_stg_eia_demand_value_units ............................... [[32mPASS[0m in 0.07s]
[0m23:58:49.725374 [info ] [Thread-4 (]: 6 of 12 PASS not_null_stg_eia_demand_type_name ................................. [[32mPASS[0m in 0.07s]
[0m23:58:49.726380 [debug] [Thread-2 (]: Finished running node test.gridops.source_not_null_eia_eia_region_data_data_type.54091de26d
[0m23:58:49.727379 [debug] [Thread-1 (]: Finished running node test.gridops.not_null_stg_eia_demand_value_units.e4b924cd16
[0m23:58:49.727379 [debug] [Thread-3 (]: SQL status: SELECT 1 in 0.023 seconds
[0m23:58:49.728386 [debug] [Thread-4 (]: Finished running node test.gridops.not_null_stg_eia_demand_type_name.587aa8c6e9
[0m23:58:49.728386 [debug] [Thread-2 (]: Began running node test.gridops.source_not_null_eia_eia_region_data_respondent.accba14cfe
[0m23:58:49.729385 [debug] [Thread-1 (]: Began running node test.gridops.source_not_null_eia_eia_region_data_value_units.7cfde86568
[0m23:58:49.729385 [debug] [Thread-3 (]: On test.gridops.source_not_null_eia_eia_region_data_period.c5a2a4e56f: ROLLBACK
[0m23:58:49.729385 [debug] [Thread-4 (]: Began running node test.gridops.unique_stg_eia_demand_observed_at.bd3bccfb12
[0m23:58:49.729385 [info ] [Thread-2 (]: 10 of 12 START test source_not_null_eia_eia_region_data_respondent ............. [RUN]
[0m23:58:49.729385 [info ] [Thread-1 (]: 11 of 12 START test source_not_null_eia_eia_region_data_value_units ............ [RUN]
[0m23:58:49.733284 [info ] [Thread-4 (]: 12 of 12 START test unique_stg_eia_demand_observed_at .......................... [RUN]
[0m23:58:49.733284 [debug] [Thread-2 (]: Re-using an available connection from the pool (formerly test.gridops.source_not_null_eia_eia_region_data_data_type.54091de26d, now test.gridops.source_not_null_eia_eia_region_data_respondent.accba14cfe)
[0m23:58:49.733284 [debug] [Thread-3 (]: On test.gridops.source_not_null_eia_eia_region_data_period.c5a2a4e56f: Close
[0m23:58:49.734289 [debug] [Thread-1 (]: Re-using an available connection from the pool (formerly test.gridops.not_null_stg_eia_demand_value_units.e4b924cd16, now test.gridops.source_not_null_eia_eia_region_data_value_units.7cfde86568)
[0m23:58:49.734289 [debug] [Thread-4 (]: Re-using an available connection from the pool (formerly test.gridops.not_null_stg_eia_demand_type_name.587aa8c6e9, now test.gridops.unique_stg_eia_demand_observed_at.bd3bccfb12)
[0m23:58:49.735290 [debug] [Thread-2 (]: Began compiling node test.gridops.source_not_null_eia_eia_region_data_respondent.accba14cfe
[0m23:58:49.736290 [debug] [Thread-1 (]: Began compiling node test.gridops.source_not_null_eia_eia_region_data_value_units.7cfde86568
[0m23:58:49.735290 [info ] [Thread-3 (]: 9 of 12 PASS source_not_null_eia_eia_region_data_period ........................ [[32mPASS[0m in 0.05s]
[0m23:58:49.737290 [debug] [Thread-4 (]: Began compiling node test.gridops.unique_stg_eia_demand_observed_at.bd3bccfb12
[0m23:58:49.741307 [debug] [Thread-2 (]: Writing injected SQL for node "test.gridops.source_not_null_eia_eia_region_data_respondent.accba14cfe"
[0m23:58:49.747099 [debug] [Thread-1 (]: Writing injected SQL for node "test.gridops.source_not_null_eia_eia_region_data_value_units.7cfde86568"
[0m23:58:49.747099 [debug] [Thread-3 (]: Finished running node test.gridops.source_not_null_eia_eia_region_data_period.c5a2a4e56f
[0m23:58:49.753497 [debug] [Thread-4 (]: Writing injected SQL for node "test.gridops.unique_stg_eia_demand_observed_at.bd3bccfb12"
[0m23:58:49.755484 [debug] [Thread-4 (]: Began executing node test.gridops.unique_stg_eia_demand_observed_at.bd3bccfb12
[0m23:58:49.756483 [debug] [Thread-4 (]: Writing runtime sql for node "test.gridops.unique_stg_eia_demand_observed_at.bd3bccfb12"
[0m23:58:49.756483 [debug] [Thread-2 (]: Began executing node test.gridops.source_not_null_eia_eia_region_data_respondent.accba14cfe
[0m23:58:49.758031 [debug] [Thread-1 (]: Began executing node test.gridops.source_not_null_eia_eia_region_data_value_units.7cfde86568
[0m23:58:49.759070 [debug] [Thread-2 (]: Writing runtime sql for node "test.gridops.source_not_null_eia_eia_region_data_respondent.accba14cfe"
[0m23:58:49.760036 [debug] [Thread-1 (]: Writing runtime sql for node "test.gridops.source_not_null_eia_eia_region_data_value_units.7cfde86568"
[0m23:58:49.761061 [debug] [Thread-4 (]: Using postgres connection "test.gridops.unique_stg_eia_demand_observed_at.bd3bccfb12"
[0m23:58:49.761061 [debug] [Thread-4 (]: On test.gridops.unique_stg_eia_demand_observed_at.bd3bccfb12: /* {"app": "dbt", "dbt_version": "1.12.4", "profile_name": "gridops", "target_name": "dev", "node_id": "test.gridops.unique_stg_eia_demand_observed_at.bd3bccfb12"} */

    
    select
      count(*) as failures,
      count(*) != 0 as should_warn,
      count(*) != 0 as should_error
    from (
      
    
  
    
    

select
    observed_at as unique_field,
    count(*) as n_records

from "gridops"."public_staging"."stg_eia_demand"
where observed_at is not null
group by observed_at
having count(*) > 1



  
  
      
    ) dbt_internal_test
[0m23:58:49.762571 [debug] [Thread-2 (]: Using postgres connection "test.gridops.source_not_null_eia_eia_region_data_respondent.accba14cfe"
[0m23:58:49.762571 [debug] [Thread-4 (]: Opening a new connection, currently in state closed
[0m23:58:49.762571 [debug] [Thread-2 (]: On test.gridops.source_not_null_eia_eia_region_data_respondent.accba14cfe: /* {"app": "dbt", "dbt_version": "1.12.4", "profile_name": "gridops", "target_name": "dev", "node_id": "test.gridops.source_not_null_eia_eia_region_data_respondent.accba14cfe"} */

    
    select
      count(*) as failures,
      count(*) != 0 as should_warn,
      count(*) != 0 as should_error
    from (
      
    
  
    
    



select respondent
from "gridops"."raw"."eia_region_data"
where respondent is null



  
  
      
    ) dbt_internal_test
[0m23:58:49.763578 [debug] [Thread-1 (]: Using postgres connection "test.gridops.source_not_null_eia_eia_region_data_value_units.7cfde86568"
[0m23:58:49.763578 [debug] [Thread-2 (]: Opening a new connection, currently in state closed
[0m23:58:49.764577 [debug] [Thread-1 (]: On test.gridops.source_not_null_eia_eia_region_data_value_units.7cfde86568: /* {"app": "dbt", "dbt_version": "1.12.4", "profile_name": "gridops", "target_name": "dev", "node_id": "test.gridops.source_not_null_eia_eia_region_data_value_units.7cfde86568"} */

    
    select
      count(*) as failures,
      count(*) != 0 as should_warn,
      count(*) != 0 as should_error
    from (
      
    
  
    
    



select value_units
from "gridops"."raw"."eia_region_data"
where value_units is null



  
  
      
    ) dbt_internal_test
[0m23:58:49.765203 [debug] [Thread-1 (]: Opening a new connection, currently in state closed
[0m23:58:49.775940 [debug] [Thread-1 (]: SQL status: SELECT 1 in 0.011 seconds
[0m23:58:49.777969 [debug] [Thread-1 (]: On test.gridops.source_not_null_eia_eia_region_data_value_units.7cfde86568: ROLLBACK
[0m23:58:49.778945 [debug] [Thread-1 (]: On test.gridops.source_not_null_eia_eia_region_data_value_units.7cfde86568: Close
[0m23:58:49.779945 [info ] [Thread-1 (]: 11 of 12 PASS source_not_null_eia_eia_region_data_value_units .................. [[32mPASS[0m in 0.04s]
[0m23:58:49.780946 [debug] [Thread-1 (]: Finished running node test.gridops.source_not_null_eia_eia_region_data_value_units.7cfde86568
[0m23:58:49.788962 [debug] [Thread-2 (]: SQL status: SELECT 1 in 0.025 seconds
[0m23:58:49.790488 [debug] [Thread-2 (]: On test.gridops.source_not_null_eia_eia_region_data_respondent.accba14cfe: ROLLBACK
[0m23:58:49.791501 [debug] [Thread-2 (]: On test.gridops.source_not_null_eia_eia_region_data_respondent.accba14cfe: Close
[0m23:58:49.792504 [info ] [Thread-2 (]: 10 of 12 PASS source_not_null_eia_eia_region_data_respondent ................... [[32mPASS[0m in 0.06s]
[0m23:58:49.792504 [debug] [Thread-2 (]: Finished running node test.gridops.source_not_null_eia_eia_region_data_respondent.accba14cfe
[0m23:58:49.795504 [debug] [Thread-4 (]: SQL status: SELECT 1 in 0.033 seconds
[0m23:58:49.797502 [debug] [Thread-4 (]: On test.gridops.unique_stg_eia_demand_observed_at.bd3bccfb12: ROLLBACK
[0m23:58:49.798503 [debug] [Thread-4 (]: On test.gridops.unique_stg_eia_demand_observed_at.bd3bccfb12: Close
[0m23:58:49.799504 [info ] [Thread-4 (]: 12 of 12 PASS unique_stg_eia_demand_observed_at ................................ [[32mPASS[0m in 0.06s]
[0m23:58:49.799504 [debug] [Thread-4 (]: Finished running node test.gridops.unique_stg_eia_demand_observed_at.bd3bccfb12
[0m23:58:49.801388 [debug] [MainThread]: On master: COMMIT
[0m23:58:49.802420 [debug] [MainThread]: Using postgres connection "master"
[0m23:58:49.802420 [debug] [MainThread]: On master: COMMIT
[0m23:58:49.802420 [debug] [MainThread]: Opening a new connection, currently in state closed
[0m23:58:49.833094 [debug] [MainThread]: SQL status: COMMIT in 0.030 seconds
[0m23:58:49.834098 [debug] [MainThread]: On master: Close
[0m23:58:49.834098 [debug] [MainThread]: Connection 'master' was properly closed.
[0m23:58:49.835095 [debug] [MainThread]: Connection 'list_gridops_public_staging' was properly closed.
[0m23:58:49.835095 [debug] [MainThread]: Connection 'test.gridops.source_not_null_eia_eia_region_data_value_units.7cfde86568' was properly closed.
[0m23:58:49.835095 [debug] [MainThread]: Connection 'test.gridops.source_not_null_eia_eia_region_data_respondent.accba14cfe' was properly closed.
[0m23:58:49.835095 [debug] [MainThread]: Connection 'test.gridops.source_not_null_eia_eia_region_data_period.c5a2a4e56f' was properly closed.
[0m23:58:49.836600 [debug] [MainThread]: Connection 'test.gridops.unique_stg_eia_demand_observed_at.bd3bccfb12' was properly closed.
[0m23:58:49.836600 [info ] [MainThread]: 
[0m23:58:49.837368 [info ] [MainThread]: Finished running 12 data tests in 0 hours 0 minutes and 0.41 seconds (0.41s).
[0m23:58:49.838384 [debug] [MainThread]: Command end result
[0m23:58:49.859904 [debug] [MainThread]: Wrote artifact WritableManifest to dbt\target\manifest.json
[0m23:58:49.863936 [debug] [MainThread]: Wrote artifact SemanticManifest to dbt\target\semantic_manifest.json
[0m23:58:49.867492 [debug] [MainThread]: Wrote artifact OsiDocument to dbt\target\osi_document.json
[0m23:58:49.872492 [debug] [MainThread]: Wrote artifact RunExecutionResult to dbt\target\run_results.json
[0m23:58:49.873492 [info ] [MainThread]: 
[0m23:58:49.874291 [info ] [MainThread]: [32mCompleted successfully[0m
[0m23:58:49.874291 [info ] [MainThread]: 
[0m23:58:49.874291 [info ] [MainThread]: Done. PASS=12 WARN=0 ERROR=0 SKIP=0 NO-OP=0 REUSED=0 TOTAL=12
[0m23:58:49.875801 [debug] [MainThread]: Command `dbt test` succeeded at 23:58:49.875801 after 1.32 seconds
[0m23:58:49.876807 [debug] [MainThread]: Sending event: {'category': 'dbt', 'action': 'invocation', 'label': 'end', 'context': [<snowplow_tracker.self_describing_json.SelfDescribingJson object at 0x000001DF8A3D9670>, <snowplow_tracker.self_describing_json.SelfDescribingJson object at 0x000001DF887A3C20>, <snowplow_tracker.self_describing_json.SelfDescribingJson object at 0x000001DF8AC3F890>]}
[0m23:58:49.876807 [debug] [MainThread]: Flushing usage events
[0m23:58:50.099821 [debug] [MainThread]: An error was encountered while trying to flush usage events
[0m00:22:29.591107 [debug] [MainThread]: Sending event: {'category': 'dbt', 'action': 'invocation', 'label': 'start', 'context': [<snowplow_tracker.self_describing_json.SelfDescribingJson object at 0x000001D6F46DED20>, <snowplow_tracker.self_describing_json.SelfDescribingJson object at 0x000001D6F46DEF30>, <snowplow_tracker.self_describing_json.SelfDescribingJson object at 0x000001D6F46DE7E0>]}


============================== 00:22:29.595122 | d3a3acee-ff12-430d-a3ea-0077f9ef5d11 ==============================
[0m00:22:29.595122 [info ] [MainThread]: Running with dbt=1.12.4
[0m00:22:29.595122 [debug] [MainThread]: running dbt with arguments {'maximum_seed_size_mib': '1', 'no_print': 'None', 'static_parser': 'True', 'target_path': 'None', 'warn_error_options': 'WarnErrorOptionsV2(error=[], warn=[], silence=[])', 'version_check': 'True', 'printer_width': '80', 'write_json': 'True', 'introspect': 'True', 'log_cache_events': 'False', 'empty': 'None', 'cache_selected_only': 'False', 'fail_fast': 'False', 'debug': 'False', 'log_format': 'default', 'profiles_dir': 'dbt', 'send_anonymous_usage_stats': 'True', 'quiet': 'False', 'warn_error': 'None', 'partial_parse': 'True', 'use_colors': 'True', 'hints_enabled': 'True', 'invocation_command': 'dbt clean --project-dir dbt --profiles-dir dbt', 'use_experimental_parser': 'False', 'indirect_selection': 'eager', 'log_path': 'dbt\\logs'}
[0m00:22:29.759095 [debug] [MainThread]: Sending event: {'category': 'dbt', 'action': 'project_id', 'label': 'd3a3acee-ff12-430d-a3ea-0077f9ef5d11', 'context': [<snowplow_tracker.self_describing_json.SelfDescribingJson object at 0x000001D6F47543E0>]}
[0m00:22:29.929356 [debug] [MainThread]: Command `dbt clean` succeeded at 00:22:29.929356 after 0.58 seconds
[0m00:22:29.930760 [debug] [MainThread]: Sending event: {'category': 'dbt', 'action': 'invocation', 'label': 'end', 'context': [<snowplow_tracker.self_describing_json.SelfDescribingJson object at 0x000001D6F2788EF0>, <snowplow_tracker.self_describing_json.SelfDescribingJson object at 0x000001D6F29F8980>, <snowplow_tracker.self_describing_json.SelfDescribingJson object at 0x000001D6F29BE330>]}
[0m00:22:29.930760 [debug] [MainThread]: Flushing usage events
[0m00:22:30.257333 [debug] [MainThread]: An error was encountered while trying to flush usage events
[0m00:22:36.837462 [debug] [MainThread]: Sending event: {'category': 'dbt', 'action': 'invocation', 'label': 'start', 'context': [<snowplow_tracker.self_describing_json.SelfDescribingJson object at 0x000001CA0EC4D9A0>, <snowplow_tracker.self_describing_json.SelfDescribingJson object at 0x000001CA0EC71D30>, <snowplow_tracker.self_describing_json.SelfDescribingJson object at 0x000001CA0EAA7F50>]}


============================== 00:22:36.841460 | 9e16a97e-cc6e-4e53-956d-6c6bdaead46c ==============================
[0m00:22:36.841460 [info ] [MainThread]: Running with dbt=1.12.4
[0m00:22:36.841460 [debug] [MainThread]: running dbt with arguments {'maximum_seed_size_mib': '1', 'no_print': 'None', 'static_parser': 'True', 'target_path': 'None', 'warn_error_options': 'WarnErrorOptionsV2(error=[], warn=[], silence=[])', 'version_check': 'True', 'printer_width': '80', 'write_json': 'True', 'introspect': 'True', 'log_cache_events': 'False', 'empty': 'False', 'cache_selected_only': 'False', 'fail_fast': 'False', 'debug': 'False', 'log_format': 'default', 'partial_parse': 'True', 'send_anonymous_usage_stats': 'True', 'quiet': 'False', 'warn_error': 'None', 'profiles_dir': 'dbt', 'indirect_selection': 'eager', 'hints_enabled': 'True', 'use_colors': 'True', 'use_experimental_parser': 'False', 'invocation_command': 'dbt run --project-dir dbt --profiles-dir dbt', 'log_path': 'dbt\\logs'}
[0m00:22:37.264271 [debug] [MainThread]: Sending event: {'category': 'dbt', 'action': 'project_id', 'label': '9e16a97e-cc6e-4e53-956d-6c6bdaead46c', 'context': [<snowplow_tracker.self_describing_json.SelfDescribingJson object at 0x000001CA0D078EF0>]}
[0m00:22:37.328178 [debug] [MainThread]: Sending event: {'category': 'dbt', 'action': 'adapter_info', 'label': '9e16a97e-cc6e-4e53-956d-6c6bdaead46c', 'context': [<snowplow_tracker.self_describing_json.SelfDescribingJson object at 0x000001CA0EEB0260>]}
[0m00:22:37.330471 [info ] [MainThread]: Registered adapter: postgres=1.11.0
[0m00:22:37.868499 [debug] [MainThread]: checksum: 4fe2789d14a25dab9eeacc6f069526561635e6649ca9fc476574c6cabd428b27, vars: {}, profile: gridops, target: dev, version: 1.12.4
[0m00:22:37.869550 [info ] [MainThread]: Unable to do partial parsing because saved manifest not found. Starting full parse.
[0m00:22:37.871210 [debug] [MainThread]: Sending event: {'category': 'dbt', 'action': 'partial_parser', 'label': '9e16a97e-cc6e-4e53-956d-6c6bdaead46c', 'context': [<snowplow_tracker.self_describing_json.SelfDescribingJson object at 0x000001CA0F0A8C80>]}
[0m00:22:41.107945 [debug] [MainThread]: Sending event: {'category': 'dbt', 'action': 'load_project', 'label': '9e16a97e-cc6e-4e53-956d-6c6bdaead46c', 'context': [<snowplow_tracker.self_describing_json.SelfDescribingJson object at 0x000001CA0F92E2D0>]}
[0m00:22:41.177115 [debug] [MainThread]: Wrote artifact WritableManifest to dbt\target\manifest.json
[0m00:22:41.208513 [debug] [MainThread]: Wrote artifact SemanticManifest to dbt\target\semantic_manifest.json
[0m00:22:41.232398 [debug] [MainThread]: Wrote artifact OsiDocument to dbt\target\osi_document.json
[0m00:22:41.243597 [debug] [MainThread]: Sending event: {'category': 'dbt', 'action': 'resource_counts', 'label': '9e16a97e-cc6e-4e53-956d-6c6bdaead46c', 'context': [<snowplow_tracker.self_describing_json.SelfDescribingJson object at 0x000001CA10A74650>]}
[0m00:22:41.244540 [info ] [MainThread]: Found 1 model, 12 data tests, 1 source, 478 macros
[0m00:22:41.244540 [debug] [MainThread]: Sending event: {'category': 'dbt', 'action': 'runnable_timing', 'label': '9e16a97e-cc6e-4e53-956d-6c6bdaead46c', 'context': [<snowplow_tracker.self_describing_json.SelfDescribingJson object at 0x000001CA10AC2C00>]}
[0m00:22:41.246524 [info ] [MainThread]: 
[0m00:22:41.247222 [info ] [MainThread]: Concurrency: 4 threads (target='dev')
[0m00:22:41.247222 [info ] [MainThread]: 
[0m00:22:41.248268 [debug] [MainThread]: Acquiring new postgres connection 'master'
[0m00:22:41.248268 [debug] [ThreadPool]: Acquiring new postgres connection 'list_gridops'
[0m00:22:46.518162 [debug] [ThreadPool]: Using postgres connection "list_gridops"
[0m00:22:46.519161 [debug] [ThreadPool]: On list_gridops: /* {"app": "dbt", "dbt_version": "1.12.4", "profile_name": "gridops", "target_name": "dev", "connection_name": "list_gridops"} */

    select distinct nspname from pg_namespace
  
[0m00:22:46.519161 [debug] [ThreadPool]: Opening a new connection, currently in state init
[0m00:22:46.551892 [debug] [ThreadPool]: SQL status: SELECT 6 in 0.033 seconds
[0m00:22:46.553929 [debug] [ThreadPool]: On list_gridops: Close
[0m00:22:46.554895 [debug] [ThreadPool]: Re-using an available connection from the pool (formerly list_gridops, now create_gridops_staging)
[0m00:22:46.554895 [debug] [ThreadPool]: Creating schema "database: "gridops"
schema: "staging"
"
[0m00:22:46.557890 [debug] [ThreadPool]: Using postgres connection "create_gridops_staging"
[0m00:22:46.558892 [debug] [ThreadPool]: On create_gridops_staging: /* {"app": "dbt", "dbt_version": "1.12.4", "profile_name": "gridops", "target_name": "dev", "connection_name": "create_gridops_staging"} */
create schema if not exists "staging"
[0m00:22:46.559891 [debug] [ThreadPool]: Opening a new connection, currently in state closed
[0m00:22:46.580443 [debug] [ThreadPool]: SQL status: CREATE SCHEMA in 0.021 seconds
[0m00:22:46.581443 [debug] [ThreadPool]: On create_gridops_staging: COMMIT
[0m00:22:46.581443 [debug] [ThreadPool]: Using postgres connection "create_gridops_staging"
[0m00:22:46.582480 [debug] [ThreadPool]: On create_gridops_staging: COMMIT
[0m00:22:46.586421 [debug] [ThreadPool]: SQL status: COMMIT in 0.004 seconds
[0m00:22:46.587447 [debug] [ThreadPool]: On create_gridops_staging: Close
[0m00:22:46.588970 [debug] [ThreadPool]: Acquiring new postgres connection 'list_gridops_staging'
[0m00:22:46.593099 [debug] [ThreadPool]: Using postgres connection "list_gridops_staging"
[0m00:22:46.594175 [debug] [ThreadPool]: On list_gridops_staging: /* {"app": "dbt", "dbt_version": "1.12.4", "profile_name": "gridops", "target_name": "dev", "connection_name": "list_gridops_staging"} */
select
      'gridops' as database,
      tablename as name,
      schemaname as schema,
      'table' as type
    from pg_tables
    where schemaname ilike 'staging'
    union all
    select
      'gridops' as database,
      viewname as name,
      schemaname as schema,
      'view' as type
    from pg_views
    where schemaname ilike 'staging'
    union all
    select
      'gridops' as database,
      matviewname as name,
      schemaname as schema,
      'materialized_view' as type
    from pg_matviews
    where schemaname ilike 'staging'
    union all
    select distinct
     'gridops' as database,
     proname as name,
     ns.nspname as schema,
     'function' as type
    from pg_proc
     join pg_namespace as ns on pronamespace = ns.oid
    where ns.nspname ilike 'staging'
  
[0m00:22:46.594175 [debug] [ThreadPool]: Opening a new connection, currently in state init
[0m00:22:46.617624 [debug] [ThreadPool]: SQL status: SELECT 0 in 0.023 seconds
[0m00:22:46.618765 [debug] [ThreadPool]: On list_gridops_staging: ROLLBACK
[0m00:22:46.619638 [debug] [ThreadPool]: On list_gridops_staging: Close
[0m00:22:46.622288 [debug] [MainThread]: Using postgres connection "master"
[0m00:22:46.623343 [debug] [MainThread]: On master: /* {"app": "dbt", "dbt_version": "1.12.4", "profile_name": "gridops", "target_name": "dev", "connection_name": "master"} */
select distinct
        dependent_namespace.nspname as dependent_schema,
        dependent_class.relname as dependent_name,
        referenced_namespace.nspname as referenced_schema,
        referenced_class.relname as referenced_name

    -- Query for views: views are entries in pg_class with an entry in pg_rewrite, but we avoid
    -- a seq scan on pg_rewrite by leveraging the fact there is an "internal" row in pg_depend for
    -- the view...
    from pg_class as dependent_class
    join pg_namespace as dependent_namespace on dependent_namespace.oid = dependent_class.relnamespace
    join pg_depend as dependent_depend on dependent_depend.refobjid = dependent_class.oid
        and dependent_depend.classid = 'pg_rewrite'::regclass
        and dependent_depend.refclassid = 'pg_class'::regclass
        and dependent_depend.deptype = 'i'

    -- ... and via pg_depend (that has a row per column, hence the need for "distinct" above, and
    -- making sure to exclude the internal row to avoid a view appearing to depend on itself)...
    join pg_depend as joining_depend on joining_depend.objid = dependent_depend.objid
        and joining_depend.classid = 'pg_rewrite'::regclass
        and joining_depend.refclassid = 'pg_class'::regclass
        and joining_depend.refobjid != dependent_depend.refobjid

    -- ... we can find the tables they query from in pg_class, but excluding system tables. Note we
    -- don't need need to exclude _dependent_ system tables, because they only query from other
    -- system tables, and so are automatically excluded by excluding _referenced_ system tables
    join pg_class as referenced_class on referenced_class.oid = joining_depend.refobjid
    join pg_namespace as referenced_namespace on referenced_namespace.oid = referenced_class.relnamespace
        and referenced_namespace.nspname != 'information_schema'
        and referenced_namespace.nspname not like 'pg\_%'

    order by
        dependent_schema, dependent_name, referenced_schema, referenced_name;
[0m00:22:46.624408 [debug] [MainThread]: Opening a new connection, currently in state init
[0m00:22:46.635489 [debug] [MainThread]: SQL status: SELECT 1 in 0.011 seconds
[0m00:22:46.636443 [debug] [MainThread]: Sending event: {'category': 'dbt', 'action': 'runnable_timing', 'label': '9e16a97e-cc6e-4e53-956d-6c6bdaead46c', 'context': [<snowplow_tracker.self_describing_json.SelfDescribingJson object at 0x000001CA0F5240B0>]}
[0m00:22:46.637442 [debug] [MainThread]: On master: ROLLBACK
[0m00:22:46.637442 [debug] [MainThread]: On master: COMMIT
[0m00:22:46.638970 [debug] [MainThread]: Using postgres connection "master"
[0m00:22:46.638970 [debug] [MainThread]: On master: COMMIT
[0m00:22:46.640987 [debug] [MainThread]: SQL status: COMMIT in 0.001 seconds
[0m00:22:46.640987 [debug] [MainThread]: On master: Close
[0m00:22:46.644524 [debug] [Thread-1 (]: Began running node model.gridops.stg_eia_demand
[0m00:22:46.645524 [info ] [Thread-1 (]: 1 of 1 START sql view model staging.stg_eia_demand ............................. [RUN]
[0m00:22:46.646511 [debug] [Thread-1 (]: Acquiring new postgres connection 'model.gridops.stg_eia_demand'
[0m00:22:46.646511 [debug] [Thread-1 (]: Began compiling node model.gridops.stg_eia_demand
[0m00:22:46.650982 [debug] [Thread-1 (]: Writing injected SQL for node "model.gridops.stg_eia_demand"
[0m00:22:46.653615 [debug] [Thread-1 (]: Began executing node model.gridops.stg_eia_demand
[0m00:22:46.677996 [debug] [Thread-1 (]: Writing runtime sql for node "model.gridops.stg_eia_demand"
[0m00:22:46.681250 [debug] [Thread-1 (]: Using postgres connection "model.gridops.stg_eia_demand"
[0m00:22:46.681250 [debug] [Thread-1 (]: On model.gridops.stg_eia_demand: /* {"app": "dbt", "dbt_version": "1.12.4", "profile_name": "gridops", "target_name": "dev", "node_id": "model.gridops.stg_eia_demand"} */

  create view "gridops"."staging"."stg_eia_demand__dbt_tmp"
    
    
  as (
    select
    period as observed_at,
    respondent,
    respondent_name,
    data_type,
    type_name,
    value as demand_value,
    value_units,
    ingested_at

from "gridops"."raw"."eia_region_data"

where respondent = 'PJM'
  and data_type = 'D'
  );
[0m00:22:46.682282 [debug] [Thread-1 (]: Opening a new connection, currently in state init
[0m00:22:46.707548 [debug] [Thread-1 (]: SQL status: CREATE VIEW in 0.026 seconds
[0m00:22:46.712541 [debug] [Thread-1 (]: Using postgres connection "model.gridops.stg_eia_demand"
[0m00:22:46.712541 [debug] [Thread-1 (]: On model.gridops.stg_eia_demand: /* {"app": "dbt", "dbt_version": "1.12.4", "profile_name": "gridops", "target_name": "dev", "node_id": "model.gridops.stg_eia_demand"} */
alter table "gridops"."staging"."stg_eia_demand__dbt_tmp" rename to "stg_eia_demand"
[0m00:22:46.713530 [debug] [Thread-1 (]: SQL status: ALTER TABLE in 0.001 seconds
[0m00:22:46.724539 [debug] [Thread-1 (]: On model.gridops.stg_eia_demand: COMMIT
[0m00:22:46.725539 [debug] [Thread-1 (]: Using postgres connection "model.gridops.stg_eia_demand"
[0m00:22:46.725539 [debug] [Thread-1 (]: On model.gridops.stg_eia_demand: COMMIT
[0m00:22:46.730925 [debug] [Thread-1 (]: SQL status: COMMIT in 0.004 seconds
[0m00:22:46.733922 [debug] [Thread-1 (]: Applying DROP to: "gridops"."staging"."stg_eia_demand__dbt_backup"
[0m00:22:46.737903 [debug] [Thread-1 (]: Using postgres connection "model.gridops.stg_eia_demand"
[0m00:22:46.737903 [debug] [Thread-1 (]: On model.gridops.stg_eia_demand: /* {"app": "dbt", "dbt_version": "1.12.4", "profile_name": "gridops", "target_name": "dev", "node_id": "model.gridops.stg_eia_demand"} */
drop view if exists "gridops"."staging"."stg_eia_demand__dbt_backup" cascade
[0m00:22:46.738963 [debug] [Thread-1 (]: SQL status: DROP VIEW in 0.001 seconds
[0m00:22:46.741507 [debug] [Thread-1 (]: On model.gridops.stg_eia_demand: Close
[0m00:22:46.743013 [debug] [Thread-1 (]: Sending event: {'category': 'dbt', 'action': 'run_model', 'label': '9e16a97e-cc6e-4e53-956d-6c6bdaead46c', 'context': [<snowplow_tracker.self_describing_json.SelfDescribingJson object at 0x000001CA0A3E7E90>]}
[0m00:22:46.744064 [info ] [Thread-1 (]: 1 of 1 OK created sql view model staging.stg_eia_demand ........................ [[32mCREATE VIEW[0m in 0.09s]
[0m00:22:46.745087 [debug] [Thread-1 (]: Finished running node model.gridops.stg_eia_demand
[0m00:22:46.747022 [debug] [MainThread]: On master: COMMIT
[0m00:22:46.747528 [debug] [MainThread]: Using postgres connection "master"
[0m00:22:46.747528 [debug] [MainThread]: On master: COMMIT
[0m00:22:46.748539 [debug] [MainThread]: Opening a new connection, currently in state closed
[0m00:22:46.757814 [debug] [MainThread]: SQL status: COMMIT in 0.010 seconds
[0m00:22:46.758821 [debug] [MainThread]: On master: Close
[0m00:22:46.759814 [debug] [MainThread]: Connection 'master' was properly closed.
[0m00:22:46.759814 [debug] [MainThread]: Connection 'create_gridops_staging' was properly closed.
[0m00:22:46.759814 [debug] [MainThread]: Connection 'list_gridops_staging' was properly closed.
[0m00:22:46.760829 [debug] [MainThread]: Connection 'model.gridops.stg_eia_demand' was properly closed.
[0m00:22:46.760829 [info ] [MainThread]: 
[0m00:22:46.761850 [info ] [MainThread]: Finished running 1 view model in 0 hours 0 minutes and 5.51 seconds (5.51s).
[0m00:22:46.761850 [debug] [MainThread]: Command end result
[0m00:22:46.858646 [debug] [MainThread]: Wrote artifact WritableManifest to dbt\target\manifest.json
[0m00:22:46.860645 [debug] [MainThread]: Wrote artifact SemanticManifest to dbt\target\semantic_manifest.json
[0m00:22:46.863656 [debug] [MainThread]: Wrote artifact OsiDocument to dbt\target\osi_document.json
[0m00:22:46.867823 [debug] [MainThread]: Wrote artifact RunExecutionResult to dbt\target\run_results.json
[0m00:22:46.868858 [info ] [MainThread]: 
[0m00:22:46.868858 [info ] [MainThread]: [32mCompleted successfully[0m
[0m00:22:46.869807 [info ] [MainThread]: 
[0m00:22:46.870423 [info ] [MainThread]: Done. PASS=1 WARN=0 ERROR=0 SKIP=0 NO-OP=0 REUSED=0 TOTAL=1
[0m00:22:46.871462 [debug] [MainThread]: Command `dbt run` succeeded at 00:22:46.871462 after 10.18 seconds
[0m00:22:46.871462 [debug] [MainThread]: Sending event: {'category': 'dbt', 'action': 'invocation', 'label': 'end', 'context': [<snowplow_tracker.self_describing_json.SelfDescribingJson object at 0x000001CA0CD94FB0>, <snowplow_tracker.self_describing_json.SelfDescribingJson object at 0x000001CA0CEE48C0>, <snowplow_tracker.self_describing_json.SelfDescribingJson object at 0x000001CA0C8C4EC0>]}
[0m00:22:46.872453 [debug] [MainThread]: Flushing usage events
[0m00:22:47.124405 [debug] [MainThread]: An error was encountered while trying to flush usage events
[0m00:23:03.191411 [debug] [MainThread]: Sending event: {'category': 'dbt', 'action': 'invocation', 'label': 'start', 'context': [<snowplow_tracker.self_describing_json.SelfDescribingJson object at 0x00000204766330B0>, <snowplow_tracker.self_describing_json.SelfDescribingJson object at 0x000002047B616060>, <snowplow_tracker.self_describing_json.SelfDescribingJson object at 0x000002047B615FD0>]}


============================== 00:23:03.195420 | 59cf5488-84c3-4b23-a096-c01e1e208968 ==============================
[0m00:23:03.195420 [info ] [MainThread]: Running with dbt=1.12.4
[0m00:23:03.196419 [debug] [MainThread]: running dbt with arguments {'version_check': 'True', 'no_print': 'None', 'static_parser': 'True', 'warn_error_options': 'WarnErrorOptionsV2(error=[], warn=[], silence=[])', 'target_path': 'None', 'maximum_seed_size_mib': '1', 'printer_width': '80', 'write_json': 'True', 'empty': 'None', 'log_cache_events': 'False', 'introspect': 'True', 'cache_selected_only': 'False', 'fail_fast': 'False', 'debug': 'False', 'log_format': 'default', 'profiles_dir': 'dbt', 'send_anonymous_usage_stats': 'True', 'quiet': 'False', 'warn_error': 'None', 'partial_parse': 'True', 'use_colors': 'True', 'hints_enabled': 'True', 'indirect_selection': 'eager', 'use_experimental_parser': 'False', 'invocation_command': 'dbt test --project-dir dbt --profiles-dir dbt', 'log_path': 'dbt\\logs'}
[0m00:23:03.380213 [debug] [MainThread]: Sending event: {'category': 'dbt', 'action': 'project_id', 'label': '59cf5488-84c3-4b23-a096-c01e1e208968', 'context': [<snowplow_tracker.self_describing_json.SelfDescribingJson object at 0x000002047776F470>]}
[0m00:23:03.438602 [debug] [MainThread]: Sending event: {'category': 'dbt', 'action': 'adapter_info', 'label': '59cf5488-84c3-4b23-a096-c01e1e208968', 'context': [<snowplow_tracker.self_describing_json.SelfDescribingJson object at 0x0000020479417830>]}
[0m00:23:03.439736 [info ] [MainThread]: Registered adapter: postgres=1.11.0
[0m00:23:03.627692 [debug] [MainThread]: checksum: 4fe2789d14a25dab9eeacc6f069526561635e6649ca9fc476574c6cabd428b27, vars: {}, profile: gridops, target: dev, version: 1.12.4
[0m00:23:03.767223 [debug] [MainThread]: Partial parsing enabled: 0 files deleted, 0 files added, 0 files changed.
[0m00:23:03.768223 [debug] [MainThread]: Nothing changed, skipping partial parsing.
[0m00:23:03.769221 [debug] [MainThread]: Partial parsing enabled, no changes found, skipping parsing
[0m00:23:03.775598 [debug] [MainThread]: Sending event: {'category': 'dbt', 'action': 'load_project', 'label': '59cf5488-84c3-4b23-a096-c01e1e208968', 'context': [<snowplow_tracker.self_describing_json.SelfDescribingJson object at 0x000002047BC7C710>]}
[0m00:23:03.880008 [debug] [MainThread]: Wrote artifact WritableManifest to dbt\target\manifest.json
[0m00:23:03.882976 [debug] [MainThread]: Wrote artifact SemanticManifest to dbt\target\semantic_manifest.json
[0m00:23:03.963156 [debug] [MainThread]: Wrote artifact OsiDocument to dbt\target\osi_document.json
[0m00:23:03.981734 [debug] [MainThread]: Sending event: {'category': 'dbt', 'action': 'resource_counts', 'label': '59cf5488-84c3-4b23-a096-c01e1e208968', 'context': [<snowplow_tracker.self_describing_json.SelfDescribingJson object at 0x000002047BB7D9D0>]}
[0m00:23:03.981734 [info ] [MainThread]: Found 1 model, 12 data tests, 1 source, 478 macros
[0m00:23:03.982716 [debug] [MainThread]: Sending event: {'category': 'dbt', 'action': 'runnable_timing', 'label': '59cf5488-84c3-4b23-a096-c01e1e208968', 'context': [<snowplow_tracker.self_describing_json.SelfDescribingJson object at 0x000002047BBCD400>]}
[0m00:23:03.984715 [info ] [MainThread]: 
[0m00:23:03.984715 [info ] [MainThread]: Concurrency: 4 threads (target='dev')
[0m00:23:03.985712 [info ] [MainThread]: 
[0m00:23:03.985712 [debug] [MainThread]: Acquiring new postgres connection 'master'
[0m00:23:03.987355 [debug] [ThreadPool]: Acquiring new postgres connection 'list_gridops_staging'
[0m00:23:04.042003 [debug] [ThreadPool]: Using postgres connection "list_gridops_staging"
[0m00:23:04.042003 [debug] [ThreadPool]: On list_gridops_staging: /* {"app": "dbt", "dbt_version": "1.12.4", "profile_name": "gridops", "target_name": "dev", "connection_name": "list_gridops_staging"} */
select
      'gridops' as database,
      tablename as name,
      schemaname as schema,
      'table' as type
    from pg_tables
    where schemaname ilike 'staging'
    union all
    select
      'gridops' as database,
      viewname as name,
      schemaname as schema,
      'view' as type
    from pg_views
    where schemaname ilike 'staging'
    union all
    select
      'gridops' as database,
      matviewname as name,
      schemaname as schema,
      'materialized_view' as type
    from pg_matviews
    where schemaname ilike 'staging'
    union all
    select distinct
     'gridops' as database,
     proname as name,
     ns.nspname as schema,
     'function' as type
    from pg_proc
     join pg_namespace as ns on pronamespace = ns.oid
    where ns.nspname ilike 'staging'
  
[0m00:23:04.043030 [debug] [ThreadPool]: Opening a new connection, currently in state init
[0m00:23:04.077452 [debug] [ThreadPool]: SQL status: SELECT 1 in 0.034 seconds
[0m00:23:04.078449 [debug] [ThreadPool]: On list_gridops_staging: ROLLBACK
[0m00:23:04.079449 [debug] [ThreadPool]: On list_gridops_staging: Close
[0m00:23:04.082511 [debug] [MainThread]: Using postgres connection "master"
[0m00:23:04.083533 [debug] [MainThread]: On master: /* {"app": "dbt", "dbt_version": "1.12.4", "profile_name": "gridops", "target_name": "dev", "connection_name": "master"} */
select distinct
        dependent_namespace.nspname as dependent_schema,
        dependent_class.relname as dependent_name,
        referenced_namespace.nspname as referenced_schema,
        referenced_class.relname as referenced_name

    -- Query for views: views are entries in pg_class with an entry in pg_rewrite, but we avoid
    -- a seq scan on pg_rewrite by leveraging the fact there is an "internal" row in pg_depend for
    -- the view...
    from pg_class as dependent_class
    join pg_namespace as dependent_namespace on dependent_namespace.oid = dependent_class.relnamespace
    join pg_depend as dependent_depend on dependent_depend.refobjid = dependent_class.oid
        and dependent_depend.classid = 'pg_rewrite'::regclass
        and dependent_depend.refclassid = 'pg_class'::regclass
        and dependent_depend.deptype = 'i'

    -- ... and via pg_depend (that has a row per column, hence the need for "distinct" above, and
    -- making sure to exclude the internal row to avoid a view appearing to depend on itself)...
    join pg_depend as joining_depend on joining_depend.objid = dependent_depend.objid
        and joining_depend.classid = 'pg_rewrite'::regclass
        and joining_depend.refclassid = 'pg_class'::regclass
        and joining_depend.refobjid != dependent_depend.refobjid

    -- ... we can find the tables they query from in pg_class, but excluding system tables. Note we
    -- don't need need to exclude _dependent_ system tables, because they only query from other
    -- system tables, and so are automatically excluded by excluding _referenced_ system tables
    join pg_class as referenced_class on referenced_class.oid = joining_depend.refobjid
    join pg_namespace as referenced_namespace on referenced_namespace.oid = referenced_class.relnamespace
        and referenced_namespace.nspname != 'information_schema'
        and referenced_namespace.nspname not like 'pg\_%'

    order by
        dependent_schema, dependent_name, referenced_schema, referenced_name;
[0m00:23:04.083533 [debug] [MainThread]: Opening a new connection, currently in state init
[0m00:23:04.103610 [debug] [MainThread]: SQL status: SELECT 2 in 0.020 seconds
[0m00:23:04.104743 [debug] [MainThread]: Sending event: {'category': 'dbt', 'action': 'runnable_timing', 'label': '59cf5488-84c3-4b23-a096-c01e1e208968', 'context': [<snowplow_tracker.self_describing_json.SelfDescribingJson object at 0x000002047BCA1AF0>]}
[0m00:23:04.105740 [debug] [MainThread]: On master: ROLLBACK
[0m00:23:04.105740 [debug] [MainThread]: On master: COMMIT
[0m00:23:04.107248 [debug] [MainThread]: Using postgres connection "master"
[0m00:23:04.107248 [debug] [MainThread]: On master: COMMIT
[0m00:23:04.108266 [debug] [MainThread]: SQL status: COMMIT in 0.001 seconds
[0m00:23:04.109271 [debug] [MainThread]: On master: Close
[0m00:23:04.113263 [debug] [Thread-1 (]: Began running node test.gridops.not_null_stg_eia_demand_data_type.17a78ca6bf
[0m00:23:04.113263 [debug] [Thread-2 (]: Began running node test.gridops.not_null_stg_eia_demand_ingested_at.90029da647
[0m00:23:04.114264 [debug] [Thread-3 (]: Began running node test.gridops.not_null_stg_eia_demand_observed_at.2c35606241
[0m00:23:04.114264 [debug] [Thread-4 (]: Began running node test.gridops.not_null_stg_eia_demand_respondent.33c5346b13
[0m00:23:04.114264 [info ] [Thread-1 (]: 1 of 12 START test not_null_stg_eia_demand_data_type ........................... [RUN]
[0m00:23:04.114264 [info ] [Thread-2 (]: 2 of 12 START test not_null_stg_eia_demand_ingested_at ......................... [RUN]
[0m00:23:04.115785 [info ] [Thread-3 (]: 3 of 12 START test not_null_stg_eia_demand_observed_at ......................... [RUN]
[0m00:23:04.115785 [info ] [Thread-4 (]: 4 of 12 START test not_null_stg_eia_demand_respondent .......................... [RUN]
[0m00:23:04.116797 [debug] [Thread-1 (]: Acquiring new postgres connection 'test.gridops.not_null_stg_eia_demand_data_type.17a78ca6bf'
[0m00:23:04.116797 [debug] [Thread-2 (]: Acquiring new postgres connection 'test.gridops.not_null_stg_eia_demand_ingested_at.90029da647'
[0m00:23:04.117805 [debug] [Thread-3 (]: Acquiring new postgres connection 'test.gridops.not_null_stg_eia_demand_observed_at.2c35606241'
[0m00:23:04.117805 [debug] [Thread-4 (]: Acquiring new postgres connection 'test.gridops.not_null_stg_eia_demand_respondent.33c5346b13'
[0m00:23:04.118805 [debug] [Thread-1 (]: Began compiling node test.gridops.not_null_stg_eia_demand_data_type.17a78ca6bf
[0m00:23:04.118805 [debug] [Thread-2 (]: Began compiling node test.gridops.not_null_stg_eia_demand_ingested_at.90029da647
[0m00:23:04.118805 [debug] [Thread-3 (]: Began compiling node test.gridops.not_null_stg_eia_demand_observed_at.2c35606241
[0m00:23:04.119805 [debug] [Thread-4 (]: Began compiling node test.gridops.not_null_stg_eia_demand_respondent.33c5346b13
[0m00:23:04.132190 [debug] [Thread-1 (]: Writing injected SQL for node "test.gridops.not_null_stg_eia_demand_data_type.17a78ca6bf"
[0m00:23:04.136746 [debug] [Thread-2 (]: Writing injected SQL for node "test.gridops.not_null_stg_eia_demand_ingested_at.90029da647"
[0m00:23:04.140306 [debug] [Thread-3 (]: Writing injected SQL for node "test.gridops.not_null_stg_eia_demand_observed_at.2c35606241"
[0m00:23:04.145481 [debug] [Thread-4 (]: Writing injected SQL for node "test.gridops.not_null_stg_eia_demand_respondent.33c5346b13"
[0m00:23:04.149731 [debug] [Thread-1 (]: Began executing node test.gridops.not_null_stg_eia_demand_data_type.17a78ca6bf
[0m00:23:04.149731 [debug] [Thread-2 (]: Began executing node test.gridops.not_null_stg_eia_demand_ingested_at.90029da647
[0m00:23:04.160957 [debug] [Thread-1 (]: Writing runtime sql for node "test.gridops.not_null_stg_eia_demand_data_type.17a78ca6bf"
[0m00:23:04.161955 [debug] [Thread-3 (]: Began executing node test.gridops.not_null_stg_eia_demand_observed_at.2c35606241
[0m00:23:04.161955 [debug] [Thread-4 (]: Began executing node test.gridops.not_null_stg_eia_demand_respondent.33c5346b13
[0m00:23:04.162959 [debug] [Thread-2 (]: Writing runtime sql for node "test.gridops.not_null_stg_eia_demand_ingested_at.90029da647"
[0m00:23:04.164967 [debug] [Thread-3 (]: Writing runtime sql for node "test.gridops.not_null_stg_eia_demand_observed_at.2c35606241"
[0m00:23:04.165954 [debug] [Thread-4 (]: Writing runtime sql for node "test.gridops.not_null_stg_eia_demand_respondent.33c5346b13"
[0m00:23:04.166963 [debug] [Thread-1 (]: Using postgres connection "test.gridops.not_null_stg_eia_demand_data_type.17a78ca6bf"
[0m00:23:04.167947 [debug] [Thread-1 (]: On test.gridops.not_null_stg_eia_demand_data_type.17a78ca6bf: /* {"app": "dbt", "dbt_version": "1.12.4", "profile_name": "gridops", "target_name": "dev", "node_id": "test.gridops.not_null_stg_eia_demand_data_type.17a78ca6bf"} */

    
    select
      count(*) as failures,
      count(*) != 0 as should_warn,
      count(*) != 0 as should_error
    from (
      
    
  
    
    



select data_type
from "gridops"."staging"."stg_eia_demand"
where data_type is null



  
  
      
    ) dbt_internal_test
[0m00:23:04.169011 [debug] [Thread-2 (]: Using postgres connection "test.gridops.not_null_stg_eia_demand_ingested_at.90029da647"
[0m00:23:04.169011 [debug] [Thread-1 (]: Opening a new connection, currently in state init
[0m00:23:04.169011 [debug] [Thread-3 (]: Using postgres connection "test.gridops.not_null_stg_eia_demand_observed_at.2c35606241"
[0m00:23:04.170027 [debug] [Thread-2 (]: On test.gridops.not_null_stg_eia_demand_ingested_at.90029da647: /* {"app": "dbt", "dbt_version": "1.12.4", "profile_name": "gridops", "target_name": "dev", "node_id": "test.gridops.not_null_stg_eia_demand_ingested_at.90029da647"} */

    
    select
      count(*) as failures,
      count(*) != 0 as should_warn,
      count(*) != 0 as should_error
    from (
      
    
  
    
    



select ingested_at
from "gridops"."staging"."stg_eia_demand"
where ingested_at is null



  
  
      
    ) dbt_internal_test
[0m00:23:04.170027 [debug] [Thread-4 (]: Using postgres connection "test.gridops.not_null_stg_eia_demand_respondent.33c5346b13"
[0m00:23:04.171033 [debug] [Thread-3 (]: On test.gridops.not_null_stg_eia_demand_observed_at.2c35606241: /* {"app": "dbt", "dbt_version": "1.12.4", "profile_name": "gridops", "target_name": "dev", "node_id": "test.gridops.not_null_stg_eia_demand_observed_at.2c35606241"} */

    
    select
      count(*) as failures,
      count(*) != 0 as should_warn,
      count(*) != 0 as should_error
    from (
      
    
  
    
    



select observed_at
from "gridops"."staging"."stg_eia_demand"
where observed_at is null



  
  
      
    ) dbt_internal_test
[0m00:23:04.171033 [debug] [Thread-2 (]: Opening a new connection, currently in state init
[0m00:23:04.172019 [debug] [Thread-4 (]: On test.gridops.not_null_stg_eia_demand_respondent.33c5346b13: /* {"app": "dbt", "dbt_version": "1.12.4", "profile_name": "gridops", "target_name": "dev", "node_id": "test.gridops.not_null_stg_eia_demand_respondent.33c5346b13"} */

    
    select
      count(*) as failures,
      count(*) != 0 as should_warn,
      count(*) != 0 as should_error
    from (
      
    
  
    
    



select respondent
from "gridops"."staging"."stg_eia_demand"
where respondent is null



  
  
      
    ) dbt_internal_test
[0m00:23:04.172019 [debug] [Thread-3 (]: Opening a new connection, currently in state init
[0m00:23:04.173020 [debug] [Thread-4 (]: Opening a new connection, currently in state init
[0m00:23:04.182427 [debug] [Thread-1 (]: SQL status: SELECT 1 in 0.013 seconds
[0m00:23:04.186445 [debug] [Thread-1 (]: On test.gridops.not_null_stg_eia_demand_data_type.17a78ca6bf: ROLLBACK
[0m00:23:04.186445 [debug] [Thread-3 (]: SQL status: SELECT 1 in 0.015 seconds
[0m00:23:04.187470 [debug] [Thread-4 (]: SQL status: SELECT 1 in 0.014 seconds
[0m00:23:04.188604 [debug] [Thread-3 (]: On test.gridops.not_null_stg_eia_demand_observed_at.2c35606241: ROLLBACK
[0m00:23:04.188604 [debug] [Thread-1 (]: On test.gridops.not_null_stg_eia_demand_data_type.17a78ca6bf: Close
[0m00:23:04.189621 [debug] [Thread-4 (]: On test.gridops.not_null_stg_eia_demand_respondent.33c5346b13: ROLLBACK
[0m00:23:04.192055 [debug] [Thread-3 (]: On test.gridops.not_null_stg_eia_demand_observed_at.2c35606241: Close
[0m00:23:04.192055 [info ] [Thread-1 (]: 1 of 12 PASS not_null_stg_eia_demand_data_type ................................. [[32mPASS[0m in 0.07s]
[0m00:23:04.194063 [debug] [Thread-4 (]: On test.gridops.not_null_stg_eia_demand_respondent.33c5346b13: Close
[0m00:23:04.193063 [info ] [Thread-3 (]: 3 of 12 PASS not_null_stg_eia_demand_observed_at ............................... [[32mPASS[0m in 0.08s]
[0m00:23:04.194063 [debug] [Thread-1 (]: Finished running node test.gridops.not_null_stg_eia_demand_data_type.17a78ca6bf
[0m00:23:04.195063 [info ] [Thread-4 (]: 4 of 12 PASS not_null_stg_eia_demand_respondent ................................ [[32mPASS[0m in 0.08s]
[0m00:23:04.196061 [debug] [Thread-3 (]: Finished running node test.gridops.not_null_stg_eia_demand_observed_at.2c35606241
[0m00:23:04.196061 [debug] [Thread-1 (]: Began running node test.gridops.not_null_stg_eia_demand_respondent_name.ff97f4a853
[0m00:23:04.197064 [debug] [Thread-4 (]: Finished running node test.gridops.not_null_stg_eia_demand_respondent.33c5346b13
[0m00:23:04.197064 [debug] [Thread-3 (]: Began running node test.gridops.not_null_stg_eia_demand_type_name.587aa8c6e9
[0m00:23:04.198076 [info ] [Thread-1 (]: 5 of 12 START test not_null_stg_eia_demand_respondent_name ..................... [RUN]
[0m00:23:04.198076 [debug] [Thread-4 (]: Began running node test.gridops.not_null_stg_eia_demand_value_units.e4b924cd16
[0m00:23:04.199063 [info ] [Thread-3 (]: 6 of 12 START test not_null_stg_eia_demand_type_name ........................... [RUN]
[0m00:23:04.199063 [debug] [Thread-1 (]: Re-using an available connection from the pool (formerly test.gridops.not_null_stg_eia_demand_data_type.17a78ca6bf, now test.gridops.not_null_stg_eia_demand_respondent_name.ff97f4a853)
[0m00:23:04.200365 [debug] [Thread-2 (]: SQL status: SELECT 1 in 0.029 seconds
[0m00:23:04.200365 [info ] [Thread-4 (]: 7 of 12 START test not_null_stg_eia_demand_value_units ......................... [RUN]
[0m00:23:04.201378 [debug] [Thread-3 (]: Re-using an available connection from the pool (formerly test.gridops.not_null_stg_eia_demand_observed_at.2c35606241, now test.gridops.not_null_stg_eia_demand_type_name.587aa8c6e9)
[0m00:23:04.201378 [debug] [Thread-1 (]: Began compiling node test.gridops.not_null_stg_eia_demand_respondent_name.ff97f4a853
[0m00:23:04.202387 [debug] [Thread-2 (]: On test.gridops.not_null_stg_eia_demand_ingested_at.90029da647: ROLLBACK
[0m00:23:04.203744 [debug] [Thread-4 (]: Re-using an available connection from the pool (formerly test.gridops.not_null_stg_eia_demand_respondent.33c5346b13, now test.gridops.not_null_stg_eia_demand_value_units.e4b924cd16)
[0m00:23:04.204322 [debug] [Thread-3 (]: Began compiling node test.gridops.not_null_stg_eia_demand_type_name.587aa8c6e9
[0m00:23:04.209493 [debug] [Thread-1 (]: Writing injected SQL for node "test.gridops.not_null_stg_eia_demand_respondent_name.ff97f4a853"
[0m00:23:04.209493 [debug] [Thread-4 (]: Began compiling node test.gridops.not_null_stg_eia_demand_value_units.e4b924cd16
[0m00:23:04.209493 [debug] [Thread-2 (]: On test.gridops.not_null_stg_eia_demand_ingested_at.90029da647: Close
[0m00:23:04.209493 [debug] [Thread-3 (]: Writing injected SQL for node "test.gridops.not_null_stg_eia_demand_type_name.587aa8c6e9"
[0m00:23:04.209493 [debug] [Thread-4 (]: Writing injected SQL for node "test.gridops.not_null_stg_eia_demand_value_units.e4b924cd16"
[0m00:23:04.209493 [debug] [Thread-1 (]: Began executing node test.gridops.not_null_stg_eia_demand_respondent_name.ff97f4a853
[0m00:23:04.209493 [info ] [Thread-2 (]: 2 of 12 PASS not_null_stg_eia_demand_ingested_at ............................... [[32mPASS[0m in 0.09s]
[0m00:23:04.223473 [debug] [Thread-1 (]: Writing runtime sql for node "test.gridops.not_null_stg_eia_demand_respondent_name.ff97f4a853"
[0m00:23:04.223473 [debug] [Thread-3 (]: Began executing node test.gridops.not_null_stg_eia_demand_type_name.587aa8c6e9
[0m00:23:04.224472 [debug] [Thread-2 (]: Finished running node test.gridops.not_null_stg_eia_demand_ingested_at.90029da647
[0m00:23:04.224472 [debug] [Thread-4 (]: Began executing node test.gridops.not_null_stg_eia_demand_value_units.e4b924cd16
[0m00:23:04.226745 [debug] [Thread-3 (]: Writing runtime sql for node "test.gridops.not_null_stg_eia_demand_type_name.587aa8c6e9"
[0m00:23:04.226745 [debug] [Thread-1 (]: Using postgres connection "test.gridops.not_null_stg_eia_demand_respondent_name.ff97f4a853"
[0m00:23:04.227734 [debug] [Thread-2 (]: Began running node test.gridops.source_not_null_eia_eia_region_data_data_type.54091de26d
[0m00:23:04.228746 [debug] [Thread-4 (]: Writing runtime sql for node "test.gridops.not_null_stg_eia_demand_value_units.e4b924cd16"
[0m00:23:04.229960 [debug] [Thread-1 (]: On test.gridops.not_null_stg_eia_demand_respondent_name.ff97f4a853: /* {"app": "dbt", "dbt_version": "1.12.4", "profile_name": "gridops", "target_name": "dev", "node_id": "test.gridops.not_null_stg_eia_demand_respondent_name.ff97f4a853"} */

    
    select
      count(*) as failures,
      count(*) != 0 as should_warn,
      count(*) != 0 as should_error
    from (
      
    
  
    
    



select respondent_name
from "gridops"."staging"."stg_eia_demand"
where respondent_name is null



  
  
      
    ) dbt_internal_test
[0m00:23:04.230962 [debug] [Thread-3 (]: Using postgres connection "test.gridops.not_null_stg_eia_demand_type_name.587aa8c6e9"
[0m00:23:04.229960 [info ] [Thread-2 (]: 8 of 12 START test source_not_null_eia_eia_region_data_data_type ............... [RUN]
[0m00:23:04.230962 [debug] [Thread-1 (]: Opening a new connection, currently in state closed
[0m00:23:04.231965 [debug] [Thread-3 (]: On test.gridops.not_null_stg_eia_demand_type_name.587aa8c6e9: /* {"app": "dbt", "dbt_version": "1.12.4", "profile_name": "gridops", "target_name": "dev", "node_id": "test.gridops.not_null_stg_eia_demand_type_name.587aa8c6e9"} */

    
    select
      count(*) as failures,
      count(*) != 0 as should_warn,
      count(*) != 0 as should_error
    from (
      
    
  
    
    



select type_name
from "gridops"."staging"."stg_eia_demand"
where type_name is null



  
  
      
    ) dbt_internal_test
[0m00:23:04.231965 [debug] [Thread-4 (]: Using postgres connection "test.gridops.not_null_stg_eia_demand_value_units.e4b924cd16"
[0m00:23:04.232969 [debug] [Thread-2 (]: Re-using an available connection from the pool (formerly test.gridops.not_null_stg_eia_demand_ingested_at.90029da647, now test.gridops.source_not_null_eia_eia_region_data_data_type.54091de26d)
[0m00:23:04.232969 [debug] [Thread-3 (]: Opening a new connection, currently in state closed
[0m00:23:04.233966 [debug] [Thread-4 (]: On test.gridops.not_null_stg_eia_demand_value_units.e4b924cd16: /* {"app": "dbt", "dbt_version": "1.12.4", "profile_name": "gridops", "target_name": "dev", "node_id": "test.gridops.not_null_stg_eia_demand_value_units.e4b924cd16"} */

    
    select
      count(*) as failures,
      count(*) != 0 as should_warn,
      count(*) != 0 as should_error
    from (
      
    
  
    
    



select value_units
from "gridops"."staging"."stg_eia_demand"
where value_units is null



  
  
      
    ) dbt_internal_test
[0m00:23:04.233966 [debug] [Thread-2 (]: Began compiling node test.gridops.source_not_null_eia_eia_region_data_data_type.54091de26d
[0m00:23:04.234962 [debug] [Thread-4 (]: Opening a new connection, currently in state closed
[0m00:23:04.239957 [debug] [Thread-2 (]: Writing injected SQL for node "test.gridops.source_not_null_eia_eia_region_data_data_type.54091de26d"
[0m00:23:04.242956 [debug] [Thread-2 (]: Began executing node test.gridops.source_not_null_eia_eia_region_data_data_type.54091de26d
[0m00:23:04.246223 [debug] [Thread-2 (]: Writing runtime sql for node "test.gridops.source_not_null_eia_eia_region_data_data_type.54091de26d"
[0m00:23:04.248262 [debug] [Thread-2 (]: Using postgres connection "test.gridops.source_not_null_eia_eia_region_data_data_type.54091de26d"
[0m00:23:04.248262 [debug] [Thread-2 (]: On test.gridops.source_not_null_eia_eia_region_data_data_type.54091de26d: /* {"app": "dbt", "dbt_version": "1.12.4", "profile_name": "gridops", "target_name": "dev", "node_id": "test.gridops.source_not_null_eia_eia_region_data_data_type.54091de26d"} */

    
    select
      count(*) as failures,
      count(*) != 0 as should_warn,
      count(*) != 0 as should_error
    from (
      
    
  
    
    



select data_type
from "gridops"."raw"."eia_region_data"
where data_type is null



  
  
      
    ) dbt_internal_test
[0m00:23:04.249257 [debug] [Thread-2 (]: Opening a new connection, currently in state closed
[0m00:23:04.250506 [debug] [Thread-3 (]: SQL status: SELECT 1 in 0.017 seconds
[0m00:23:04.250506 [debug] [Thread-1 (]: SQL status: SELECT 1 in 0.019 seconds
[0m00:23:04.251539 [debug] [Thread-3 (]: On test.gridops.not_null_stg_eia_demand_type_name.587aa8c6e9: ROLLBACK
[0m00:23:04.253508 [debug] [Thread-1 (]: On test.gridops.not_null_stg_eia_demand_respondent_name.ff97f4a853: ROLLBACK
[0m00:23:04.254729 [debug] [Thread-3 (]: On test.gridops.not_null_stg_eia_demand_type_name.587aa8c6e9: Close
[0m00:23:04.255726 [debug] [Thread-1 (]: On test.gridops.not_null_stg_eia_demand_respondent_name.ff97f4a853: Close
[0m00:23:04.257143 [debug] [Thread-4 (]: SQL status: SELECT 1 in 0.022 seconds
[0m00:23:04.255726 [info ] [Thread-3 (]: 6 of 12 PASS not_null_stg_eia_demand_type_name ................................. [[32mPASS[0m in 0.06s]
[0m00:23:04.258152 [info ] [Thread-1 (]: 5 of 12 PASS not_null_stg_eia_demand_respondent_name ........................... [[32mPASS[0m in 0.06s]
[0m00:23:04.259377 [debug] [Thread-4 (]: On test.gridops.not_null_stg_eia_demand_value_units.e4b924cd16: ROLLBACK
[0m00:23:04.260374 [debug] [Thread-3 (]: Finished running node test.gridops.not_null_stg_eia_demand_type_name.587aa8c6e9
[0m00:23:04.261380 [debug] [Thread-1 (]: Finished running node test.gridops.not_null_stg_eia_demand_respondent_name.ff97f4a853
[0m00:23:04.262396 [debug] [Thread-3 (]: Began running node test.gridops.source_not_null_eia_eia_region_data_period.c5a2a4e56f
[0m00:23:04.262396 [debug] [Thread-4 (]: On test.gridops.not_null_stg_eia_demand_value_units.e4b924cd16: Close
[0m00:23:04.263426 [debug] [Thread-1 (]: Began running node test.gridops.source_not_null_eia_eia_region_data_respondent.accba14cfe
[0m00:23:04.263426 [info ] [Thread-3 (]: 9 of 12 START test source_not_null_eia_eia_region_data_period .................. [RUN]
[0m00:23:04.264380 [debug] [Thread-2 (]: SQL status: SELECT 1 in 0.015 seconds
[0m00:23:04.265382 [info ] [Thread-4 (]: 7 of 12 PASS not_null_stg_eia_demand_value_units ............................... [[32mPASS[0m in 0.06s]
[0m00:23:04.265382 [info ] [Thread-1 (]: 10 of 12 START test source_not_null_eia_eia_region_data_respondent ............. [RUN]
[0m00:23:04.266382 [debug] [Thread-3 (]: Re-using an available connection from the pool (formerly test.gridops.not_null_stg_eia_demand_type_name.587aa8c6e9, now test.gridops.source_not_null_eia_eia_region_data_period.c5a2a4e56f)
[0m00:23:04.267419 [debug] [Thread-2 (]: On test.gridops.source_not_null_eia_eia_region_data_data_type.54091de26d: ROLLBACK
[0m00:23:04.268390 [debug] [Thread-4 (]: Finished running node test.gridops.not_null_stg_eia_demand_value_units.e4b924cd16
[0m00:23:04.269382 [debug] [Thread-1 (]: Re-using an available connection from the pool (formerly test.gridops.not_null_stg_eia_demand_respondent_name.ff97f4a853, now test.gridops.source_not_null_eia_eia_region_data_respondent.accba14cfe)
[0m00:23:04.269382 [debug] [Thread-3 (]: Began compiling node test.gridops.source_not_null_eia_eia_region_data_period.c5a2a4e56f
[0m00:23:04.270382 [debug] [Thread-4 (]: Began running node test.gridops.source_not_null_eia_eia_region_data_value_units.7cfde86568
[0m00:23:04.271382 [debug] [Thread-1 (]: Began compiling node test.gridops.source_not_null_eia_eia_region_data_respondent.accba14cfe
[0m00:23:04.271382 [debug] [Thread-2 (]: On test.gridops.source_not_null_eia_eia_region_data_data_type.54091de26d: Close
[0m00:23:04.276986 [debug] [Thread-3 (]: Writing injected SQL for node "test.gridops.source_not_null_eia_eia_region_data_period.c5a2a4e56f"
[0m00:23:04.277984 [info ] [Thread-4 (]: 11 of 12 START test source_not_null_eia_eia_region_data_value_units ............ [RUN]
[0m00:23:04.282138 [debug] [Thread-1 (]: Writing injected SQL for node "test.gridops.source_not_null_eia_eia_region_data_respondent.accba14cfe"
[0m00:23:04.283143 [info ] [Thread-2 (]: 8 of 12 PASS source_not_null_eia_eia_region_data_data_type ..................... [[32mPASS[0m in 0.05s]
[0m00:23:04.284358 [debug] [Thread-4 (]: Re-using an available connection from the pool (formerly test.gridops.not_null_stg_eia_demand_value_units.e4b924cd16, now test.gridops.source_not_null_eia_eia_region_data_value_units.7cfde86568)
[0m00:23:04.285365 [debug] [Thread-2 (]: Finished running node test.gridops.source_not_null_eia_eia_region_data_data_type.54091de26d
[0m00:23:04.286367 [debug] [Thread-3 (]: Began executing node test.gridops.source_not_null_eia_eia_region_data_period.c5a2a4e56f
[0m00:23:04.286367 [debug] [Thread-4 (]: Began compiling node test.gridops.source_not_null_eia_eia_region_data_value_units.7cfde86568
[0m00:23:04.287381 [debug] [Thread-2 (]: Began running node test.gridops.unique_stg_eia_demand_observed_at.bd3bccfb12
[0m00:23:04.287381 [debug] [Thread-1 (]: Began executing node test.gridops.source_not_null_eia_eia_region_data_respondent.accba14cfe
[0m00:23:04.289365 [debug] [Thread-3 (]: Writing runtime sql for node "test.gridops.source_not_null_eia_eia_region_data_period.c5a2a4e56f"
[0m00:23:04.296546 [debug] [Thread-4 (]: Writing injected SQL for node "test.gridops.source_not_null_eia_eia_region_data_value_units.7cfde86568"
[0m00:23:04.297553 [info ] [Thread-2 (]: 12 of 12 START test unique_stg_eia_demand_observed_at .......................... [RUN]
[0m00:23:04.299470 [debug] [Thread-1 (]: Writing runtime sql for node "test.gridops.source_not_null_eia_eia_region_data_respondent.accba14cfe"
[0m00:23:04.301471 [debug] [Thread-2 (]: Re-using an available connection from the pool (formerly test.gridops.source_not_null_eia_eia_region_data_data_type.54091de26d, now test.gridops.unique_stg_eia_demand_observed_at.bd3bccfb12)
[0m00:23:04.302472 [debug] [Thread-3 (]: Using postgres connection "test.gridops.source_not_null_eia_eia_region_data_period.c5a2a4e56f"
[0m00:23:04.302472 [debug] [Thread-4 (]: Began executing node test.gridops.source_not_null_eia_eia_region_data_value_units.7cfde86568
[0m00:23:04.303654 [debug] [Thread-2 (]: Began compiling node test.gridops.unique_stg_eia_demand_observed_at.bd3bccfb12
[0m00:23:04.304673 [debug] [Thread-3 (]: On test.gridops.source_not_null_eia_eia_region_data_period.c5a2a4e56f: /* {"app": "dbt", "dbt_version": "1.12.4", "profile_name": "gridops", "target_name": "dev", "node_id": "test.gridops.source_not_null_eia_eia_region_data_period.c5a2a4e56f"} */

    
    select
      count(*) as failures,
      count(*) != 0 as should_warn,
      count(*) != 0 as should_error
    from (
      
    
  
    
    



select period
from "gridops"."raw"."eia_region_data"
where period is null



  
  
      
    ) dbt_internal_test
[0m00:23:04.304673 [debug] [Thread-1 (]: Using postgres connection "test.gridops.source_not_null_eia_eia_region_data_respondent.accba14cfe"
[0m00:23:04.307184 [debug] [Thread-4 (]: Writing runtime sql for node "test.gridops.source_not_null_eia_eia_region_data_value_units.7cfde86568"
[0m00:23:04.314235 [debug] [Thread-2 (]: Writing injected SQL for node "test.gridops.unique_stg_eia_demand_observed_at.bd3bccfb12"
[0m00:23:04.315231 [debug] [Thread-3 (]: Opening a new connection, currently in state closed
[0m00:23:04.315231 [debug] [Thread-1 (]: On test.gridops.source_not_null_eia_eia_region_data_respondent.accba14cfe: /* {"app": "dbt", "dbt_version": "1.12.4", "profile_name": "gridops", "target_name": "dev", "node_id": "test.gridops.source_not_null_eia_eia_region_data_respondent.accba14cfe"} */

    
    select
      count(*) as failures,
      count(*) != 0 as should_warn,
      count(*) != 0 as should_error
    from (
      
    
  
    
    



select respondent
from "gridops"."raw"."eia_region_data"
where respondent is null



  
  
      
    ) dbt_internal_test
[0m00:23:04.316224 [debug] [Thread-4 (]: Using postgres connection "test.gridops.source_not_null_eia_eia_region_data_value_units.7cfde86568"
[0m00:23:04.317214 [debug] [Thread-1 (]: Opening a new connection, currently in state closed
[0m00:23:04.317214 [debug] [Thread-2 (]: Began executing node test.gridops.unique_stg_eia_demand_observed_at.bd3bccfb12
[0m00:23:04.317214 [debug] [Thread-4 (]: On test.gridops.source_not_null_eia_eia_region_data_value_units.7cfde86568: /* {"app": "dbt", "dbt_version": "1.12.4", "profile_name": "gridops", "target_name": "dev", "node_id": "test.gridops.source_not_null_eia_eia_region_data_value_units.7cfde86568"} */

    
    select
      count(*) as failures,
      count(*) != 0 as should_warn,
      count(*) != 0 as should_error
    from (
      
    
  
    
    



select value_units
from "gridops"."raw"."eia_region_data"
where value_units is null



  
  
      
    ) dbt_internal_test
[0m00:23:04.319221 [debug] [Thread-2 (]: Writing runtime sql for node "test.gridops.unique_stg_eia_demand_observed_at.bd3bccfb12"
[0m00:23:04.320213 [debug] [Thread-4 (]: Opening a new connection, currently in state closed
[0m00:23:04.321214 [debug] [Thread-2 (]: Using postgres connection "test.gridops.unique_stg_eia_demand_observed_at.bd3bccfb12"
[0m00:23:04.322216 [debug] [Thread-2 (]: On test.gridops.unique_stg_eia_demand_observed_at.bd3bccfb12: /* {"app": "dbt", "dbt_version": "1.12.4", "profile_name": "gridops", "target_name": "dev", "node_id": "test.gridops.unique_stg_eia_demand_observed_at.bd3bccfb12"} */

    
    select
      count(*) as failures,
      count(*) != 0 as should_warn,
      count(*) != 0 as should_error
    from (
      
    
  
    
    

select
    observed_at as unique_field,
    count(*) as n_records

from "gridops"."staging"."stg_eia_demand"
where observed_at is not null
group by observed_at
having count(*) > 1



  
  
      
    ) dbt_internal_test
[0m00:23:04.323216 [debug] [Thread-2 (]: Opening a new connection, currently in state closed
[0m00:23:04.327932 [debug] [Thread-3 (]: SQL status: SELECT 1 in 0.013 seconds
[0m00:23:04.328929 [debug] [Thread-3 (]: On test.gridops.source_not_null_eia_eia_region_data_period.c5a2a4e56f: ROLLBACK
[0m00:23:04.330139 [debug] [Thread-3 (]: On test.gridops.source_not_null_eia_eia_region_data_period.c5a2a4e56f: Close
[0m00:23:04.331144 [info ] [Thread-3 (]: 9 of 12 PASS source_not_null_eia_eia_region_data_period ........................ [[32mPASS[0m in 0.07s]
[0m00:23:04.332134 [debug] [Thread-3 (]: Finished running node test.gridops.source_not_null_eia_eia_region_data_period.c5a2a4e56f
[0m00:23:04.336138 [debug] [Thread-4 (]: SQL status: SELECT 1 in 0.016 seconds
[0m00:23:04.337135 [debug] [Thread-4 (]: On test.gridops.source_not_null_eia_eia_region_data_value_units.7cfde86568: ROLLBACK
[0m00:23:04.339132 [debug] [Thread-4 (]: On test.gridops.source_not_null_eia_eia_region_data_value_units.7cfde86568: Close
[0m00:23:04.339132 [info ] [Thread-4 (]: 11 of 12 PASS source_not_null_eia_eia_region_data_value_units .................. [[32mPASS[0m in 0.05s]
[0m00:23:04.341219 [debug] [Thread-4 (]: Finished running node test.gridops.source_not_null_eia_eia_region_data_value_units.7cfde86568
[0m00:23:04.341219 [debug] [Thread-1 (]: SQL status: SELECT 1 in 0.025 seconds
[0m00:23:04.343561 [debug] [Thread-1 (]: On test.gridops.source_not_null_eia_eia_region_data_respondent.accba14cfe: ROLLBACK
[0m00:23:04.343561 [debug] [Thread-2 (]: SQL status: SELECT 1 in 0.021 seconds
[0m00:23:04.345016 [debug] [Thread-2 (]: On test.gridops.unique_stg_eia_demand_observed_at.bd3bccfb12: ROLLBACK
[0m00:23:04.346050 [debug] [Thread-1 (]: On test.gridops.source_not_null_eia_eia_region_data_respondent.accba14cfe: Close
[0m00:23:04.347643 [debug] [Thread-2 (]: On test.gridops.unique_stg_eia_demand_observed_at.bd3bccfb12: Close
[0m00:23:04.346050 [info ] [Thread-1 (]: 10 of 12 PASS source_not_null_eia_eia_region_data_respondent ................... [[32mPASS[0m in 0.08s]
[0m00:23:04.348656 [info ] [Thread-2 (]: 12 of 12 PASS unique_stg_eia_demand_observed_at ................................ [[32mPASS[0m in 0.05s]
[0m00:23:04.348656 [debug] [Thread-1 (]: Finished running node test.gridops.source_not_null_eia_eia_region_data_respondent.accba14cfe
[0m00:23:04.349846 [debug] [Thread-2 (]: Finished running node test.gridops.unique_stg_eia_demand_observed_at.bd3bccfb12
[0m00:23:04.352132 [debug] [MainThread]: On master: COMMIT
[0m00:23:04.352132 [debug] [MainThread]: Using postgres connection "master"
[0m00:23:04.352132 [debug] [MainThread]: On master: COMMIT
[0m00:23:04.353153 [debug] [MainThread]: Opening a new connection, currently in state closed
[0m00:23:04.383238 [debug] [MainThread]: SQL status: COMMIT in 0.031 seconds
[0m00:23:04.384255 [debug] [MainThread]: On master: Close
[0m00:23:04.385238 [debug] [MainThread]: Connection 'master' was properly closed.
[0m00:23:04.386238 [debug] [MainThread]: Connection 'list_gridops_staging' was properly closed.
[0m00:23:04.386238 [debug] [MainThread]: Connection 'test.gridops.source_not_null_eia_eia_region_data_respondent.accba14cfe' was properly closed.
[0m00:23:04.386238 [debug] [MainThread]: Connection 'test.gridops.unique_stg_eia_demand_observed_at.bd3bccfb12' was properly closed.
[0m00:23:04.387238 [debug] [MainThread]: Connection 'test.gridops.source_not_null_eia_eia_region_data_period.c5a2a4e56f' was properly closed.
[0m00:23:04.387238 [debug] [MainThread]: Connection 'test.gridops.source_not_null_eia_eia_region_data_value_units.7cfde86568' was properly closed.
[0m00:23:04.388236 [info ] [MainThread]: 
[0m00:23:04.388236 [info ] [MainThread]: Finished running 12 data tests in 0 hours 0 minutes and 0.40 seconds (0.40s).
[0m00:23:04.390281 [debug] [MainThread]: Command end result
[0m00:23:04.412763 [debug] [MainThread]: Wrote artifact WritableManifest to dbt\target\manifest.json
[0m00:23:04.415776 [debug] [MainThread]: Wrote artifact SemanticManifest to dbt\target\semantic_manifest.json
[0m00:23:04.418763 [debug] [MainThread]: Wrote artifact OsiDocument to dbt\target\osi_document.json
[0m00:23:04.425762 [debug] [MainThread]: Wrote artifact RunExecutionResult to dbt\target\run_results.json
[0m00:23:04.425762 [info ] [MainThread]: 
[0m00:23:04.426946 [info ] [MainThread]: [32mCompleted successfully[0m
[0m00:23:04.426946 [info ] [MainThread]: 
[0m00:23:04.427947 [info ] [MainThread]: Done. PASS=12 WARN=0 ERROR=0 SKIP=0 NO-OP=0 REUSED=0 TOTAL=12
[0m00:23:04.428947 [debug] [MainThread]: Command `dbt test` succeeded at 00:23:04.428947 after 1.39 seconds
[0m00:23:04.428947 [debug] [MainThread]: Sending event: {'category': 'dbt', 'action': 'invocation', 'label': 'end', 'context': [<snowplow_tracker.self_describing_json.SelfDescribingJson object at 0x0000020479CA89B0>, <snowplow_tracker.self_describing_json.SelfDescribingJson object at 0x000002047BBF9610>, <snowplow_tracker.self_describing_json.SelfDescribingJson object at 0x000002047BEAFF20>]}
[0m00:23:04.430053 [debug] [MainThread]: Flushing usage events
[0m00:23:04.688090 [debug] [MainThread]: An error was encountered while trying to flush usage events
[0m00:30:12.202089 [debug] [MainThread]: Sending event: {'category': 'dbt', 'action': 'invocation', 'label': 'start', 'context': [<snowplow_tracker.self_describing_json.SelfDescribingJson object at 0x0000027935F1B500>, <snowplow_tracker.self_describing_json.SelfDescribingJson object at 0x0000027935F1A6C0>, <snowplow_tracker.self_describing_json.SelfDescribingJson object at 0x0000027935F1B890>]}


============================== 00:30:12.205068 | 3631359e-de76-41de-862d-3a4cdcb6dea4 ==============================
[0m00:30:12.205068 [info ] [MainThread]: Running with dbt=1.12.4
[0m00:30:12.206099 [debug] [MainThread]: running dbt with arguments {'maximum_seed_size_mib': '1', 'no_print': 'None', 'static_parser': 'True', 'warn_error_options': 'WarnErrorOptionsV2(error=[], warn=[], silence=[])', 'target_path': 'None', 'version_check': 'True', 'printer_width': '80', 'write_json': 'True', 'empty': 'False', 'log_cache_events': 'False', 'introspect': 'True', 'cache_selected_only': 'False', 'log_format': 'default', 'debug': 'False', 'fail_fast': 'False', 'profiles_dir': 'dbt', 'send_anonymous_usage_stats': 'True', 'quiet': 'False', 'warn_error': 'None', 'partial_parse': 'True', 'indirect_selection': 'eager', 'hints_enabled': 'True', 'invocation_command': 'dbt run --project-dir dbt --profiles-dir dbt', 'use_experimental_parser': 'False', 'use_colors': 'True', 'log_path': 'dbt\\logs'}
[0m00:30:12.382015 [debug] [MainThread]: Sending event: {'category': 'dbt', 'action': 'project_id', 'label': '3631359e-de76-41de-862d-3a4cdcb6dea4', 'context': [<snowplow_tracker.self_describing_json.SelfDescribingJson object at 0x0000027937BA7E60>]}
[0m00:30:12.443083 [debug] [MainThread]: Sending event: {'category': 'dbt', 'action': 'adapter_info', 'label': '3631359e-de76-41de-862d-3a4cdcb6dea4', 'context': [<snowplow_tracker.self_describing_json.SelfDescribingJson object at 0x00000279333C03E0>]}
[0m00:30:12.445157 [info ] [MainThread]: Registered adapter: postgres=1.11.0
[0m00:30:12.637998 [debug] [MainThread]: checksum: 4fe2789d14a25dab9eeacc6f069526561635e6649ca9fc476574c6cabd428b27, vars: {}, profile: gridops, target: dev, version: 1.12.4
[0m00:30:12.743777 [info ] [MainThread]: Unable to do partial parsing because a project config has changed
[0m00:30:12.744808 [debug] [MainThread]: Sending event: {'category': 'dbt', 'action': 'partial_parser', 'label': '3631359e-de76-41de-862d-3a4cdcb6dea4', 'context': [<snowplow_tracker.self_describing_json.SelfDescribingJson object at 0x0000027935F1AF00>]}
[0m00:30:13.926948 [debug] [MainThread]: Sending event: {'category': 'dbt', 'action': 'load_project', 'label': '3631359e-de76-41de-862d-3a4cdcb6dea4', 'context': [<snowplow_tracker.self_describing_json.SelfDescribingJson object at 0x0000027938179970>]}
[0m00:30:13.993830 [debug] [MainThread]: Wrote artifact WritableManifest to dbt\target\manifest.json
[0m00:30:13.995868 [debug] [MainThread]: Wrote artifact SemanticManifest to dbt\target\semantic_manifest.json
[0m00:30:14.025577 [debug] [MainThread]: Wrote artifact OsiDocument to dbt\target\osi_document.json
[0m00:30:14.040585 [debug] [MainThread]: Sending event: {'category': 'dbt', 'action': 'resource_counts', 'label': '3631359e-de76-41de-862d-3a4cdcb6dea4', 'context': [<snowplow_tracker.self_describing_json.SelfDescribingJson object at 0x00000279399915B0>]}
[0m00:30:14.041585 [info ] [MainThread]: Found 2 models, 16 data tests, 1 source, 478 macros
[0m00:30:14.042582 [debug] [MainThread]: Sending event: {'category': 'dbt', 'action': 'runnable_timing', 'label': '3631359e-de76-41de-862d-3a4cdcb6dea4', 'context': [<snowplow_tracker.self_describing_json.SelfDescribingJson object at 0x00000279398738C0>]}
[0m00:30:14.044089 [info ] [MainThread]: 
[0m00:30:14.045098 [info ] [MainThread]: Concurrency: 4 threads (target='dev')
[0m00:30:14.045098 [info ] [MainThread]: 
[0m00:30:14.046096 [debug] [MainThread]: Acquiring new postgres connection 'master'
[0m00:30:14.050283 [debug] [ThreadPool]: Acquiring new postgres connection 'list_gridops'
[0m00:30:14.051284 [debug] [ThreadPool]: Acquiring new postgres connection 'list_gridops'
[0m00:30:14.121495 [debug] [ThreadPool]: Using postgres connection "list_gridops"
[0m00:30:14.121495 [debug] [ThreadPool]: Using postgres connection "list_gridops"
[0m00:30:14.122495 [debug] [ThreadPool]: On list_gridops: /* {"app": "dbt", "dbt_version": "1.12.4", "profile_name": "gridops", "target_name": "dev", "connection_name": "list_gridops"} */

    select distinct nspname from pg_namespace
  
[0m00:30:14.122495 [debug] [ThreadPool]: On list_gridops: /* {"app": "dbt", "dbt_version": "1.12.4", "profile_name": "gridops", "target_name": "dev", "connection_name": "list_gridops"} */

    select distinct nspname from pg_namespace
  
[0m00:30:14.123495 [debug] [ThreadPool]: Opening a new connection, currently in state init
[0m00:30:14.123495 [debug] [ThreadPool]: Opening a new connection, currently in state init
[0m00:30:14.154991 [debug] [ThreadPool]: SQL status: SELECT 6 in 0.031 seconds
[0m00:30:14.155495 [debug] [ThreadPool]: SQL status: SELECT 6 in 0.031 seconds
[0m00:30:14.157123 [debug] [ThreadPool]: On list_gridops: Close
[0m00:30:14.158855 [debug] [ThreadPool]: On list_gridops: Close
[0m00:30:14.160959 [debug] [ThreadPool]: Re-using an available connection from the pool (formerly list_gridops, now create_gridops_intermediate)
[0m00:30:14.161994 [debug] [ThreadPool]: Creating schema "database: "gridops"
schema: "intermediate"
"
[0m00:30:14.167739 [debug] [ThreadPool]: Using postgres connection "create_gridops_intermediate"
[0m00:30:14.168868 [debug] [ThreadPool]: On create_gridops_intermediate: /* {"app": "dbt", "dbt_version": "1.12.4", "profile_name": "gridops", "target_name": "dev", "connection_name": "create_gridops_intermediate"} */
create schema if not exists "intermediate"
[0m00:30:14.169924 [debug] [ThreadPool]: Opening a new connection, currently in state closed
[0m00:30:14.196265 [debug] [ThreadPool]: SQL status: CREATE SCHEMA in 0.027 seconds
[0m00:30:14.197406 [debug] [ThreadPool]: On create_gridops_intermediate: COMMIT
[0m00:30:14.197974 [debug] [ThreadPool]: Using postgres connection "create_gridops_intermediate"
[0m00:30:14.197974 [debug] [ThreadPool]: On create_gridops_intermediate: COMMIT
[0m00:30:14.202481 [debug] [ThreadPool]: SQL status: COMMIT in 0.004 seconds
[0m00:30:14.202481 [debug] [ThreadPool]: On create_gridops_intermediate: Close
[0m00:30:14.204488 [debug] [ThreadPool]: Acquiring new postgres connection 'list_gridops_intermediate'
[0m00:30:14.208377 [debug] [ThreadPool]: Using postgres connection "list_gridops_intermediate"
[0m00:30:14.209400 [debug] [ThreadPool]: Acquiring new postgres connection 'list_gridops_staging'
[0m00:30:14.209400 [debug] [ThreadPool]: On list_gridops_intermediate: /* {"app": "dbt", "dbt_version": "1.12.4", "profile_name": "gridops", "target_name": "dev", "connection_name": "list_gridops_intermediate"} */
select
      'gridops' as database,
      tablename as name,
      schemaname as schema,
      'table' as type
    from pg_tables
    where schemaname ilike 'intermediate'
    union all
    select
      'gridops' as database,
      viewname as name,
      schemaname as schema,
      'view' as type
    from pg_views
    where schemaname ilike 'intermediate'
    union all
    select
      'gridops' as database,
      matviewname as name,
      schemaname as schema,
      'materialized_view' as type
    from pg_matviews
    where schemaname ilike 'intermediate'
    union all
    select distinct
     'gridops' as database,
     proname as name,
     ns.nspname as schema,
     'function' as type
    from pg_proc
     join pg_namespace as ns on pronamespace = ns.oid
    where ns.nspname ilike 'intermediate'
  
[0m00:30:14.210409 [debug] [ThreadPool]: Using postgres connection "list_gridops_staging"
[0m00:30:14.211408 [debug] [ThreadPool]: Opening a new connection, currently in state init
[0m00:30:14.211408 [debug] [ThreadPool]: On list_gridops_staging: /* {"app": "dbt", "dbt_version": "1.12.4", "profile_name": "gridops", "target_name": "dev", "connection_name": "list_gridops_staging"} */
select
      'gridops' as database,
      tablename as name,
      schemaname as schema,
      'table' as type
    from pg_tables
    where schemaname ilike 'staging'
    union all
    select
      'gridops' as database,
      viewname as name,
      schemaname as schema,
      'view' as type
    from pg_views
    where schemaname ilike 'staging'
    union all
    select
      'gridops' as database,
      matviewname as name,
      schemaname as schema,
      'materialized_view' as type
    from pg_matviews
    where schemaname ilike 'staging'
    union all
    select distinct
     'gridops' as database,
     proname as name,
     ns.nspname as schema,
     'function' as type
    from pg_proc
     join pg_namespace as ns on pronamespace = ns.oid
    where ns.nspname ilike 'staging'
  
[0m00:30:14.212407 [debug] [ThreadPool]: Opening a new connection, currently in state init
[0m00:30:14.247172 [debug] [ThreadPool]: SQL status: SELECT 1 in 0.035 seconds
[0m00:30:14.248247 [debug] [ThreadPool]: SQL status: SELECT 0 in 0.037 seconds
[0m00:30:14.249327 [debug] [ThreadPool]: On list_gridops_staging: ROLLBACK
[0m00:30:14.250896 [debug] [ThreadPool]: On list_gridops_intermediate: ROLLBACK
[0m00:30:14.252516 [debug] [ThreadPool]: On list_gridops_staging: Close
[0m00:30:14.252516 [debug] [ThreadPool]: On list_gridops_intermediate: Close
[0m00:30:14.256296 [debug] [MainThread]: Using postgres connection "master"
[0m00:30:14.256854 [debug] [MainThread]: On master: /* {"app": "dbt", "dbt_version": "1.12.4", "profile_name": "gridops", "target_name": "dev", "connection_name": "master"} */
select distinct
        dependent_namespace.nspname as dependent_schema,
        dependent_class.relname as dependent_name,
        referenced_namespace.nspname as referenced_schema,
        referenced_class.relname as referenced_name

    -- Query for views: views are entries in pg_class with an entry in pg_rewrite, but we avoid
    -- a seq scan on pg_rewrite by leveraging the fact there is an "internal" row in pg_depend for
    -- the view...
    from pg_class as dependent_class
    join pg_namespace as dependent_namespace on dependent_namespace.oid = dependent_class.relnamespace
    join pg_depend as dependent_depend on dependent_depend.refobjid = dependent_class.oid
        and dependent_depend.classid = 'pg_rewrite'::regclass
        and dependent_depend.refclassid = 'pg_class'::regclass
        and dependent_depend.deptype = 'i'

    -- ... and via pg_depend (that has a row per column, hence the need for "distinct" above, and
    -- making sure to exclude the internal row to avoid a view appearing to depend on itself)...
    join pg_depend as joining_depend on joining_depend.objid = dependent_depend.objid
        and joining_depend.classid = 'pg_rewrite'::regclass
        and joining_depend.refclassid = 'pg_class'::regclass
        and joining_depend.refobjid != dependent_depend.refobjid

    -- ... we can find the tables they query from in pg_class, but excluding system tables. Note we
    -- don't need need to exclude _dependent_ system tables, because they only query from other
    -- system tables, and so are automatically excluded by excluding _referenced_ system tables
    join pg_class as referenced_class on referenced_class.oid = joining_depend.refobjid
    join pg_namespace as referenced_namespace on referenced_namespace.oid = referenced_class.relnamespace
        and referenced_namespace.nspname != 'information_schema'
        and referenced_namespace.nspname not like 'pg\_%'

    order by
        dependent_schema, dependent_name, referenced_schema, referenced_name;
[0m00:30:14.257426 [debug] [MainThread]: Opening a new connection, currently in state init
[0m00:30:14.290786 [debug] [MainThread]: SQL status: SELECT 1 in 0.033 seconds
[0m00:30:14.292337 [debug] [MainThread]: Sending event: {'category': 'dbt', 'action': 'runnable_timing', 'label': '3631359e-de76-41de-862d-3a4cdcb6dea4', 'context': [<snowplow_tracker.self_describing_json.SelfDescribingJson object at 0x00000279399246B0>]}
[0m00:30:14.292337 [debug] [MainThread]: On master: ROLLBACK
[0m00:30:14.293346 [debug] [MainThread]: On master: COMMIT
[0m00:30:14.293346 [debug] [MainThread]: Using postgres connection "master"
[0m00:30:14.294349 [debug] [MainThread]: On master: COMMIT
[0m00:30:14.295349 [debug] [MainThread]: SQL status: COMMIT in 0.001 seconds
[0m00:30:14.295349 [debug] [MainThread]: On master: Close
[0m00:30:14.300376 [debug] [Thread-1 (]: Began running node model.gridops.stg_eia_demand
[0m00:30:14.301375 [info ] [Thread-1 (]: 1 of 2 START sql view model staging.stg_eia_demand ............................. [RUN]
[0m00:30:14.302376 [debug] [Thread-1 (]: Acquiring new postgres connection 'model.gridops.stg_eia_demand'
[0m00:30:14.302376 [debug] [Thread-1 (]: Began compiling node model.gridops.stg_eia_demand
[0m00:30:14.306771 [debug] [Thread-1 (]: Writing injected SQL for node "model.gridops.stg_eia_demand"
[0m00:30:14.307767 [debug] [Thread-1 (]: Began executing node model.gridops.stg_eia_demand
[0m00:30:14.330323 [debug] [Thread-1 (]: Writing runtime sql for node "model.gridops.stg_eia_demand"
[0m00:30:14.332325 [debug] [Thread-1 (]: Using postgres connection "model.gridops.stg_eia_demand"
[0m00:30:14.333323 [debug] [Thread-1 (]: On model.gridops.stg_eia_demand: /* {"app": "dbt", "dbt_version": "1.12.4", "profile_name": "gridops", "target_name": "dev", "node_id": "model.gridops.stg_eia_demand"} */

  create view "gridops"."staging"."stg_eia_demand__dbt_tmp"
    
    
  as (
    select
    period as observed_at,
    respondent,
    respondent_name,
    data_type,
    type_name,
    value as demand_value,
    value_units,
    ingested_at

from "gridops"."raw"."eia_region_data"

where respondent = 'PJM'
  and data_type = 'D'
  );
[0m00:30:14.334325 [debug] [Thread-1 (]: Opening a new connection, currently in state init
[0m00:30:14.369414 [debug] [Thread-1 (]: SQL status: CREATE VIEW in 0.035 seconds
[0m00:30:14.373431 [debug] [Thread-1 (]: Using postgres connection "model.gridops.stg_eia_demand"
[0m00:30:14.374415 [debug] [Thread-1 (]: On model.gridops.stg_eia_demand: /* {"app": "dbt", "dbt_version": "1.12.4", "profile_name": "gridops", "target_name": "dev", "node_id": "model.gridops.stg_eia_demand"} */
alter table "gridops"."staging"."stg_eia_demand" rename to "stg_eia_demand__dbt_backup"
[0m00:30:14.375927 [debug] [Thread-1 (]: SQL status: ALTER TABLE in 0.001 seconds
[0m00:30:14.377719 [debug] [Thread-1 (]: Using postgres connection "model.gridops.stg_eia_demand"
[0m00:30:14.377719 [debug] [Thread-1 (]: On model.gridops.stg_eia_demand: /* {"app": "dbt", "dbt_version": "1.12.4", "profile_name": "gridops", "target_name": "dev", "node_id": "model.gridops.stg_eia_demand"} */
alter table "gridops"."staging"."stg_eia_demand__dbt_tmp" rename to "stg_eia_demand"
[0m00:30:14.378718 [debug] [Thread-1 (]: SQL status: ALTER TABLE in 0.001 seconds
[0m00:30:14.390456 [debug] [Thread-1 (]: On model.gridops.stg_eia_demand: COMMIT
[0m00:30:14.390456 [debug] [Thread-1 (]: Using postgres connection "model.gridops.stg_eia_demand"
[0m00:30:14.391453 [debug] [Thread-1 (]: On model.gridops.stg_eia_demand: COMMIT
[0m00:30:14.397495 [debug] [Thread-1 (]: SQL status: COMMIT in 0.006 seconds
[0m00:30:14.402468 [debug] [Thread-1 (]: Applying DROP to: "gridops"."staging"."stg_eia_demand__dbt_backup"
[0m00:30:14.405530 [debug] [Thread-1 (]: Using postgres connection "model.gridops.stg_eia_demand"
[0m00:30:14.406463 [debug] [Thread-1 (]: On model.gridops.stg_eia_demand: /* {"app": "dbt", "dbt_version": "1.12.4", "profile_name": "gridops", "target_name": "dev", "node_id": "model.gridops.stg_eia_demand"} */
drop view if exists "gridops"."staging"."stg_eia_demand__dbt_backup" cascade
[0m00:30:14.411497 [debug] [Thread-1 (]: SQL status: DROP VIEW in 0.005 seconds
[0m00:30:14.413506 [debug] [Thread-1 (]: On model.gridops.stg_eia_demand: Close
[0m00:30:14.415561 [debug] [Thread-1 (]: Sending event: {'category': 'dbt', 'action': 'run_model', 'label': '3631359e-de76-41de-862d-3a4cdcb6dea4', 'context': [<snowplow_tracker.self_describing_json.SelfDescribingJson object at 0x0000027939CB1040>]}
[0m00:30:14.416496 [info ] [Thread-1 (]: 1 of 2 OK created sql view model staging.stg_eia_demand ........................ [[32mCREATE VIEW[0m in 0.11s]
[0m00:30:14.417499 [debug] [Thread-1 (]: Finished running node model.gridops.stg_eia_demand
[0m00:30:14.418512 [debug] [Thread-3 (]: Began running node model.gridops.int_eia_demand_hourly
[0m00:30:14.418512 [info ] [Thread-3 (]: 2 of 2 START sql view model intermediate.int_eia_demand_hourly ................. [RUN]
[0m00:30:14.419495 [debug] [Thread-3 (]: Acquiring new postgres connection 'model.gridops.int_eia_demand_hourly'
[0m00:30:14.419495 [debug] [Thread-3 (]: Began compiling node model.gridops.int_eia_demand_hourly
[0m00:30:14.421496 [debug] [Thread-3 (]: Writing injected SQL for node "model.gridops.int_eia_demand_hourly"
[0m00:30:14.422495 [debug] [Thread-3 (]: Began executing node model.gridops.int_eia_demand_hourly
[0m00:30:14.491171 [debug] [Thread-3 (]: Writing runtime sql for node "model.gridops.int_eia_demand_hourly"
[0m00:30:14.493233 [debug] [Thread-3 (]: Using postgres connection "model.gridops.int_eia_demand_hourly"
[0m00:30:14.494250 [debug] [Thread-3 (]: On model.gridops.int_eia_demand_hourly: /* {"app": "dbt", "dbt_version": "1.12.4", "profile_name": "gridops", "target_name": "dev", "node_id": "model.gridops.int_eia_demand_hourly"} */

  create view "gridops"."intermediate"."int_eia_demand_hourly__dbt_tmp"
    
    
  as (
    with historical_demand as (

    select
        observed_at,
        respondent,
        respondent_name,
        data_type,
        type_name,
        demand_value,
        value_units,
        ingested_at

    from "gridops"."staging"."stg_eia_demand"

    where observed_at >= '2023-01-01 00:00:00+00'
      and observed_at <  '2026-01-01 00:00:00+00'

),

hourly_spine as (

    select
        generate_series(
            '2023-01-01 00:00:00+00'::timestamptz,
            '2025-12-31 23:00:00+00'::timestamptz,
            interval '1 hour'
        ) as observed_at

),

joined as (

    select
        spine.observed_at,

        demand.respondent,
        demand.respondent_name,
        demand.data_type,
        demand.type_name,
        demand.demand_value,
        demand.value_units,
        demand.ingested_at,

        demand.observed_at is null
            as is_missing_source_row,

        demand.demand_value is null
            as is_missing_demand

    from hourly_spine as spine

    left join historical_demand as demand
        on spine.observed_at = demand.observed_at

)

select *
from joined
  );
[0m00:30:14.494250 [debug] [Thread-3 (]: Opening a new connection, currently in state init
[0m00:30:14.527799 [debug] [Thread-3 (]: SQL status: CREATE VIEW in 0.033 seconds
[0m00:30:14.530013 [debug] [Thread-3 (]: Using postgres connection "model.gridops.int_eia_demand_hourly"
[0m00:30:14.530013 [debug] [Thread-3 (]: On model.gridops.int_eia_demand_hourly: /* {"app": "dbt", "dbt_version": "1.12.4", "profile_name": "gridops", "target_name": "dev", "node_id": "model.gridops.int_eia_demand_hourly"} */
alter table "gridops"."intermediate"."int_eia_demand_hourly__dbt_tmp" rename to "int_eia_demand_hourly"
[0m00:30:14.531979 [debug] [Thread-3 (]: SQL status: ALTER TABLE in 0.001 seconds
[0m00:30:14.533980 [debug] [Thread-3 (]: On model.gridops.int_eia_demand_hourly: COMMIT
[0m00:30:14.533980 [debug] [Thread-3 (]: Using postgres connection "model.gridops.int_eia_demand_hourly"
[0m00:30:14.533980 [debug] [Thread-3 (]: On model.gridops.int_eia_demand_hourly: COMMIT
[0m00:30:14.544537 [debug] [Thread-3 (]: SQL status: COMMIT in 0.009 seconds
[0m00:30:14.545551 [debug] [Thread-3 (]: Applying DROP to: "gridops"."intermediate"."int_eia_demand_hourly__dbt_backup"
[0m00:30:14.546538 [debug] [Thread-3 (]: Using postgres connection "model.gridops.int_eia_demand_hourly"
[0m00:30:14.547537 [debug] [Thread-3 (]: On model.gridops.int_eia_demand_hourly: /* {"app": "dbt", "dbt_version": "1.12.4", "profile_name": "gridops", "target_name": "dev", "node_id": "model.gridops.int_eia_demand_hourly"} */
drop view if exists "gridops"."intermediate"."int_eia_demand_hourly__dbt_backup" cascade
[0m00:30:14.548538 [debug] [Thread-3 (]: SQL status: DROP VIEW in 0.001 seconds
[0m00:30:14.549538 [debug] [Thread-3 (]: On model.gridops.int_eia_demand_hourly: Close
[0m00:30:14.550658 [debug] [Thread-3 (]: Sending event: {'category': 'dbt', 'action': 'run_model', 'label': '3631359e-de76-41de-862d-3a4cdcb6dea4', 'context': [<snowplow_tracker.self_describing_json.SelfDescribingJson object at 0x0000027935EFB410>]}
[0m00:30:14.551661 [info ] [Thread-3 (]: 2 of 2 OK created sql view model intermediate.int_eia_demand_hourly ............ [[32mCREATE VIEW[0m in 0.13s]
[0m00:30:14.551661 [debug] [Thread-3 (]: Finished running node model.gridops.int_eia_demand_hourly
[0m00:30:14.553660 [debug] [MainThread]: On master: COMMIT
[0m00:30:14.553660 [debug] [MainThread]: Using postgres connection "master"
[0m00:30:14.553660 [debug] [MainThread]: On master: COMMIT
[0m00:30:14.554778 [debug] [MainThread]: Opening a new connection, currently in state closed
[0m00:30:14.586354 [debug] [MainThread]: SQL status: COMMIT in 0.032 seconds
[0m00:30:14.586354 [debug] [MainThread]: On master: Close
[0m00:30:14.587859 [debug] [MainThread]: Connection 'master' was properly closed.
[0m00:30:14.587859 [debug] [MainThread]: Connection 'create_gridops_intermediate' was properly closed.
[0m00:30:14.588865 [debug] [MainThread]: Connection 'list_gridops' was properly closed.
[0m00:30:14.588865 [debug] [MainThread]: Connection 'list_gridops_intermediate' was properly closed.
[0m00:30:14.589866 [debug] [MainThread]: Connection 'list_gridops_staging' was properly closed.
[0m00:30:14.589866 [debug] [MainThread]: Connection 'model.gridops.stg_eia_demand' was properly closed.
[0m00:30:14.589866 [debug] [MainThread]: Connection 'model.gridops.int_eia_demand_hourly' was properly closed.
[0m00:30:14.590865 [info ] [MainThread]: 
[0m00:30:14.590865 [info ] [MainThread]: Finished running 2 view models in 0 hours 0 minutes and 0.54 seconds (0.54s).
[0m00:30:14.592347 [debug] [MainThread]: Command end result
[0m00:30:14.615360 [debug] [MainThread]: Wrote artifact WritableManifest to dbt\target\manifest.json
[0m00:30:14.618871 [debug] [MainThread]: Wrote artifact SemanticManifest to dbt\target\semantic_manifest.json
[0m00:30:14.622869 [debug] [MainThread]: Wrote artifact OsiDocument to dbt\target\osi_document.json
[0m00:30:14.629802 [debug] [MainThread]: Wrote artifact RunExecutionResult to dbt\target\run_results.json
[0m00:30:14.629802 [info ] [MainThread]: 
[0m00:30:14.630805 [info ] [MainThread]: [32mCompleted successfully[0m
[0m00:30:14.631804 [info ] [MainThread]: 
[0m00:30:14.631804 [info ] [MainThread]: Done. PASS=2 WARN=0 ERROR=0 SKIP=0 NO-OP=0 REUSED=0 TOTAL=2
[0m00:30:14.632806 [debug] [MainThread]: Command `dbt run` succeeded at 00:30:14.632806 after 2.62 seconds
[0m00:30:14.633805 [debug] [MainThread]: Sending event: {'category': 'dbt', 'action': 'invocation', 'label': 'end', 'context': [<snowplow_tracker.self_describing_json.SelfDescribingJson object at 0x0000027939C38A70>, <snowplow_tracker.self_describing_json.SelfDescribingJson object at 0x00000279387FB680>, <snowplow_tracker.self_describing_json.SelfDescribingJson object at 0x00000279397F9370>]}
[0m00:30:14.633805 [debug] [MainThread]: Flushing usage events
[0m00:30:14.885775 [debug] [MainThread]: An error was encountered while trying to flush usage events
[0m00:30:36.016615 [debug] [MainThread]: Sending event: {'category': 'dbt', 'action': 'invocation', 'label': 'start', 'context': [<snowplow_tracker.self_describing_json.SelfDescribingJson object at 0x0000022210DBFF20>, <snowplow_tracker.self_describing_json.SelfDescribingJson object at 0x0000022213C64470>, <snowplow_tracker.self_describing_json.SelfDescribingJson object at 0x0000022213C647A0>]}


============================== 00:30:36.020653 | d4b817b2-6325-404d-9373-d04f7c2a6d4f ==============================
[0m00:30:36.020653 [info ] [MainThread]: Running with dbt=1.12.4
[0m00:30:36.021614 [debug] [MainThread]: running dbt with arguments {'static_parser': 'True', 'no_print': 'None', 'maximum_seed_size_mib': '1', 'target_path': 'None', 'version_check': 'True', 'warn_error_options': 'WarnErrorOptionsV2(error=[], warn=[], silence=[])', 'printer_width': '80', 'write_json': 'True', 'introspect': 'True', 'log_cache_events': 'False', 'empty': 'None', 'cache_selected_only': 'False', 'log_format': 'default', 'debug': 'False', 'fail_fast': 'False', 'partial_parse': 'True', 'send_anonymous_usage_stats': 'True', 'quiet': 'False', 'warn_error': 'None', 'profiles_dir': 'dbt', 'indirect_selection': 'eager', 'hints_enabled': 'True', 'use_colors': 'True', 'use_experimental_parser': 'False', 'invocation_command': 'dbt test --project-dir dbt --profiles-dir dbt', 'log_path': 'dbt\\logs'}
[0m00:30:36.183057 [debug] [MainThread]: Sending event: {'category': 'dbt', 'action': 'project_id', 'label': 'd4b817b2-6325-404d-9373-d04f7c2a6d4f', 'context': [<snowplow_tracker.self_describing_json.SelfDescribingJson object at 0x0000022213FD21B0>]}
[0m00:30:36.245748 [debug] [MainThread]: Sending event: {'category': 'dbt', 'action': 'adapter_info', 'label': 'd4b817b2-6325-404d-9373-d04f7c2a6d4f', 'context': [<snowplow_tracker.self_describing_json.SelfDescribingJson object at 0x0000022213D17440>]}
[0m00:30:36.246777 [info ] [MainThread]: Registered adapter: postgres=1.11.0
[0m00:30:36.427750 [debug] [MainThread]: checksum: 4fe2789d14a25dab9eeacc6f069526561635e6649ca9fc476574c6cabd428b27, vars: {}, profile: gridops, target: dev, version: 1.12.4
[0m00:30:36.547678 [debug] [MainThread]: Partial parsing enabled: 0 files deleted, 0 files added, 0 files changed.
[0m00:30:36.548679 [debug] [MainThread]: Nothing changed, skipping partial parsing.
[0m00:30:36.548679 [debug] [MainThread]: Partial parsing enabled, no changes found, skipping parsing
[0m00:30:36.555321 [debug] [MainThread]: Sending event: {'category': 'dbt', 'action': 'load_project', 'label': 'd4b817b2-6325-404d-9373-d04f7c2a6d4f', 'context': [<snowplow_tracker.self_describing_json.SelfDescribingJson object at 0x00000222118542C0>]}
[0m00:30:36.651935 [debug] [MainThread]: Wrote artifact WritableManifest to dbt\target\manifest.json
[0m00:30:36.655542 [debug] [MainThread]: Wrote artifact SemanticManifest to dbt\target\semantic_manifest.json
[0m00:30:36.727439 [debug] [MainThread]: Wrote artifact OsiDocument to dbt\target\osi_document.json
[0m00:30:36.743780 [debug] [MainThread]: Sending event: {'category': 'dbt', 'action': 'resource_counts', 'label': 'd4b817b2-6325-404d-9373-d04f7c2a6d4f', 'context': [<snowplow_tracker.self_describing_json.SelfDescribingJson object at 0x000002221616FBF0>]}
[0m00:30:36.744777 [info ] [MainThread]: Found 2 models, 16 data tests, 1 source, 478 macros
[0m00:30:36.745780 [debug] [MainThread]: Sending event: {'category': 'dbt', 'action': 'runnable_timing', 'label': 'd4b817b2-6325-404d-9373-d04f7c2a6d4f', 'context': [<snowplow_tracker.self_describing_json.SelfDescribingJson object at 0x000002221646F2C0>]}
[0m00:30:36.746779 [info ] [MainThread]: 
[0m00:30:36.747776 [info ] [MainThread]: Concurrency: 4 threads (target='dev')
[0m00:30:36.747776 [info ] [MainThread]: 
[0m00:30:36.748775 [debug] [MainThread]: Acquiring new postgres connection 'master'
[0m00:30:36.750020 [debug] [ThreadPool]: Acquiring new postgres connection 'list_gridops_staging'
[0m00:30:36.750020 [debug] [ThreadPool]: Acquiring new postgres connection 'list_gridops_intermediate'
[0m00:30:36.801512 [debug] [ThreadPool]: Using postgres connection "list_gridops_staging"
[0m00:30:36.801512 [debug] [ThreadPool]: Using postgres connection "list_gridops_intermediate"
[0m00:30:36.802506 [debug] [ThreadPool]: On list_gridops_staging: /* {"app": "dbt", "dbt_version": "1.12.4", "profile_name": "gridops", "target_name": "dev", "connection_name": "list_gridops_staging"} */
select
      'gridops' as database,
      tablename as name,
      schemaname as schema,
      'table' as type
    from pg_tables
    where schemaname ilike 'staging'
    union all
    select
      'gridops' as database,
      viewname as name,
      schemaname as schema,
      'view' as type
    from pg_views
    where schemaname ilike 'staging'
    union all
    select
      'gridops' as database,
      matviewname as name,
      schemaname as schema,
      'materialized_view' as type
    from pg_matviews
    where schemaname ilike 'staging'
    union all
    select distinct
     'gridops' as database,
     proname as name,
     ns.nspname as schema,
     'function' as type
    from pg_proc
     join pg_namespace as ns on pronamespace = ns.oid
    where ns.nspname ilike 'staging'
  
[0m00:30:36.802506 [debug] [ThreadPool]: On list_gridops_intermediate: /* {"app": "dbt", "dbt_version": "1.12.4", "profile_name": "gridops", "target_name": "dev", "connection_name": "list_gridops_intermediate"} */
select
      'gridops' as database,
      tablename as name,
      schemaname as schema,
      'table' as type
    from pg_tables
    where schemaname ilike 'intermediate'
    union all
    select
      'gridops' as database,
      viewname as name,
      schemaname as schema,
      'view' as type
    from pg_views
    where schemaname ilike 'intermediate'
    union all
    select
      'gridops' as database,
      matviewname as name,
      schemaname as schema,
      'materialized_view' as type
    from pg_matviews
    where schemaname ilike 'intermediate'
    union all
    select distinct
     'gridops' as database,
     proname as name,
     ns.nspname as schema,
     'function' as type
    from pg_proc
     join pg_namespace as ns on pronamespace = ns.oid
    where ns.nspname ilike 'intermediate'
  
[0m00:30:36.803509 [debug] [ThreadPool]: Opening a new connection, currently in state init
[0m00:30:36.803509 [debug] [ThreadPool]: Opening a new connection, currently in state init
[0m00:30:36.820520 [debug] [ThreadPool]: SQL status: SELECT 1 in 0.017 seconds
[0m00:30:36.822522 [debug] [ThreadPool]: On list_gridops_staging: ROLLBACK
[0m00:30:36.823521 [debug] [ThreadPool]: On list_gridops_staging: Close
[0m00:30:36.832058 [debug] [ThreadPool]: SQL status: SELECT 1 in 0.028 seconds
[0m00:30:36.833578 [debug] [ThreadPool]: On list_gridops_intermediate: ROLLBACK
[0m00:30:36.834602 [debug] [ThreadPool]: On list_gridops_intermediate: Close
[0m00:30:36.837600 [debug] [MainThread]: Using postgres connection "master"
[0m00:30:36.837600 [debug] [MainThread]: On master: /* {"app": "dbt", "dbt_version": "1.12.4", "profile_name": "gridops", "target_name": "dev", "connection_name": "master"} */
select distinct
        dependent_namespace.nspname as dependent_schema,
        dependent_class.relname as dependent_name,
        referenced_namespace.nspname as referenced_schema,
        referenced_class.relname as referenced_name

    -- Query for views: views are entries in pg_class with an entry in pg_rewrite, but we avoid
    -- a seq scan on pg_rewrite by leveraging the fact there is an "internal" row in pg_depend for
    -- the view...
    from pg_class as dependent_class
    join pg_namespace as dependent_namespace on dependent_namespace.oid = dependent_class.relnamespace
    join pg_depend as dependent_depend on dependent_depend.refobjid = dependent_class.oid
        and dependent_depend.classid = 'pg_rewrite'::regclass
        and dependent_depend.refclassid = 'pg_class'::regclass
        and dependent_depend.deptype = 'i'

    -- ... and via pg_depend (that has a row per column, hence the need for "distinct" above, and
    -- making sure to exclude the internal row to avoid a view appearing to depend on itself)...
    join pg_depend as joining_depend on joining_depend.objid = dependent_depend.objid
        and joining_depend.classid = 'pg_rewrite'::regclass
        and joining_depend.refclassid = 'pg_class'::regclass
        and joining_depend.refobjid != dependent_depend.refobjid

    -- ... we can find the tables they query from in pg_class, but excluding system tables. Note we
    -- don't need need to exclude _dependent_ system tables, because they only query from other
    -- system tables, and so are automatically excluded by excluding _referenced_ system tables
    join pg_class as referenced_class on referenced_class.oid = joining_depend.refobjid
    join pg_namespace as referenced_namespace on referenced_namespace.oid = referenced_class.relnamespace
        and referenced_namespace.nspname != 'information_schema'
        and referenced_namespace.nspname not like 'pg\_%'

    order by
        dependent_schema, dependent_name, referenced_schema, referenced_name;
[0m00:30:36.838592 [debug] [MainThread]: Opening a new connection, currently in state init
[0m00:30:36.848594 [debug] [MainThread]: SQL status: SELECT 2 in 0.010 seconds
[0m00:30:36.850377 [debug] [MainThread]: Sending event: {'category': 'dbt', 'action': 'runnable_timing', 'label': 'd4b817b2-6325-404d-9373-d04f7c2a6d4f', 'context': [<snowplow_tracker.self_describing_json.SelfDescribingJson object at 0x000002221624E810>]}
[0m00:30:36.850377 [debug] [MainThread]: On master: ROLLBACK
[0m00:30:36.851397 [debug] [MainThread]: On master: COMMIT
[0m00:30:36.851397 [debug] [MainThread]: Using postgres connection "master"
[0m00:30:36.852394 [debug] [MainThread]: On master: COMMIT
[0m00:30:36.853397 [debug] [MainThread]: SQL status: COMMIT in 0.001 seconds
[0m00:30:36.853397 [debug] [MainThread]: On master: Close
[0m00:30:36.857718 [debug] [Thread-1 (]: Began running node test.gridops.not_null_int_eia_demand_hourly_is_missing_demand.9f21613c7f
[0m00:30:36.857718 [debug] [Thread-2 (]: Began running node test.gridops.not_null_int_eia_demand_hourly_is_missing_source_row.b832619962
[0m00:30:36.857718 [debug] [Thread-3 (]: Began running node test.gridops.not_null_int_eia_demand_hourly_observed_at.445e956599
[0m00:30:36.858714 [debug] [Thread-4 (]: Began running node test.gridops.not_null_stg_eia_demand_data_type.17a78ca6bf
[0m00:30:36.858714 [info ] [Thread-1 (]: 1 of 16 START test not_null_int_eia_demand_hourly_is_missing_demand ............ [RUN]
[0m00:30:36.859718 [info ] [Thread-2 (]: 2 of 16 START test not_null_int_eia_demand_hourly_is_missing_source_row ........ [RUN]
[0m00:30:36.859718 [info ] [Thread-3 (]: 3 of 16 START test not_null_int_eia_demand_hourly_observed_at .................. [RUN]
[0m00:30:36.859718 [info ] [Thread-4 (]: 4 of 16 START test not_null_stg_eia_demand_data_type ........................... [RUN]
[0m00:30:36.860720 [debug] [Thread-1 (]: Acquiring new postgres connection 'test.gridops.not_null_int_eia_demand_hourly_is_missing_demand.9f21613c7f'
[0m00:30:36.860720 [debug] [Thread-2 (]: Acquiring new postgres connection 'test.gridops.not_null_int_eia_demand_hourly_is_missing_source_row.b832619962'
[0m00:30:36.861719 [debug] [Thread-3 (]: Acquiring new postgres connection 'test.gridops.not_null_int_eia_demand_hourly_observed_at.445e956599'
[0m00:30:36.861719 [debug] [Thread-4 (]: Acquiring new postgres connection 'test.gridops.not_null_stg_eia_demand_data_type.17a78ca6bf'
[0m00:30:36.862721 [debug] [Thread-1 (]: Began compiling node test.gridops.not_null_int_eia_demand_hourly_is_missing_demand.9f21613c7f
[0m00:30:36.862721 [debug] [Thread-2 (]: Began compiling node test.gridops.not_null_int_eia_demand_hourly_is_missing_source_row.b832619962
[0m00:30:36.863721 [debug] [Thread-3 (]: Began compiling node test.gridops.not_null_int_eia_demand_hourly_observed_at.445e956599
[0m00:30:36.863721 [debug] [Thread-4 (]: Began compiling node test.gridops.not_null_stg_eia_demand_data_type.17a78ca6bf
[0m00:30:36.875596 [debug] [Thread-1 (]: Writing injected SQL for node "test.gridops.not_null_int_eia_demand_hourly_is_missing_demand.9f21613c7f"
[0m00:30:36.880242 [debug] [Thread-2 (]: Writing injected SQL for node "test.gridops.not_null_int_eia_demand_hourly_is_missing_source_row.b832619962"
[0m00:30:36.885556 [debug] [Thread-3 (]: Writing injected SQL for node "test.gridops.not_null_int_eia_demand_hourly_observed_at.445e956599"
[0m00:30:36.890548 [debug] [Thread-4 (]: Writing injected SQL for node "test.gridops.not_null_stg_eia_demand_data_type.17a78ca6bf"
[0m00:30:36.892748 [debug] [Thread-4 (]: Began executing node test.gridops.not_null_stg_eia_demand_data_type.17a78ca6bf
[0m00:30:36.902059 [debug] [Thread-1 (]: Began executing node test.gridops.not_null_int_eia_demand_hourly_is_missing_demand.9f21613c7f
[0m00:30:36.906057 [debug] [Thread-4 (]: Writing runtime sql for node "test.gridops.not_null_stg_eia_demand_data_type.17a78ca6bf"
[0m00:30:36.907056 [debug] [Thread-2 (]: Began executing node test.gridops.not_null_int_eia_demand_hourly_is_missing_source_row.b832619962
[0m00:30:36.907056 [debug] [Thread-3 (]: Began executing node test.gridops.not_null_int_eia_demand_hourly_observed_at.445e956599
[0m00:30:36.908065 [debug] [Thread-1 (]: Writing runtime sql for node "test.gridops.not_null_int_eia_demand_hourly_is_missing_demand.9f21613c7f"
[0m00:30:36.910061 [debug] [Thread-2 (]: Writing runtime sql for node "test.gridops.not_null_int_eia_demand_hourly_is_missing_source_row.b832619962"
[0m00:30:36.911077 [debug] [Thread-3 (]: Writing runtime sql for node "test.gridops.not_null_int_eia_demand_hourly_observed_at.445e956599"
[0m00:30:36.911077 [debug] [Thread-4 (]: Using postgres connection "test.gridops.not_null_stg_eia_demand_data_type.17a78ca6bf"
[0m00:30:36.912074 [debug] [Thread-4 (]: On test.gridops.not_null_stg_eia_demand_data_type.17a78ca6bf: /* {"app": "dbt", "dbt_version": "1.12.4", "profile_name": "gridops", "target_name": "dev", "node_id": "test.gridops.not_null_stg_eia_demand_data_type.17a78ca6bf"} */

    
    select
      count(*) as failures,
      count(*) != 0 as should_warn,
      count(*) != 0 as should_error
    from (
      
    
  
    
    



select data_type
from "gridops"."staging"."stg_eia_demand"
where data_type is null



  
  
      
    ) dbt_internal_test
[0m00:30:36.913072 [debug] [Thread-4 (]: Opening a new connection, currently in state init
[0m00:30:36.913072 [debug] [Thread-2 (]: Using postgres connection "test.gridops.not_null_int_eia_demand_hourly_is_missing_source_row.b832619962"
[0m00:30:36.914069 [debug] [Thread-3 (]: Using postgres connection "test.gridops.not_null_int_eia_demand_hourly_observed_at.445e956599"
[0m00:30:36.914069 [debug] [Thread-1 (]: Using postgres connection "test.gridops.not_null_int_eia_demand_hourly_is_missing_demand.9f21613c7f"
[0m00:30:36.914069 [debug] [Thread-2 (]: On test.gridops.not_null_int_eia_demand_hourly_is_missing_source_row.b832619962: /* {"app": "dbt", "dbt_version": "1.12.4", "profile_name": "gridops", "target_name": "dev", "node_id": "test.gridops.not_null_int_eia_demand_hourly_is_missing_source_row.b832619962"} */

    
    select
      count(*) as failures,
      count(*) != 0 as should_warn,
      count(*) != 0 as should_error
    from (
      
    
  
    
    



select is_missing_source_row
from "gridops"."intermediate"."int_eia_demand_hourly"
where is_missing_source_row is null



  
  
      
    ) dbt_internal_test
[0m00:30:36.915078 [debug] [Thread-3 (]: On test.gridops.not_null_int_eia_demand_hourly_observed_at.445e956599: /* {"app": "dbt", "dbt_version": "1.12.4", "profile_name": "gridops", "target_name": "dev", "node_id": "test.gridops.not_null_int_eia_demand_hourly_observed_at.445e956599"} */

    
    select
      count(*) as failures,
      count(*) != 0 as should_warn,
      count(*) != 0 as should_error
    from (
      
    
  
    
    



select observed_at
from "gridops"."intermediate"."int_eia_demand_hourly"
where observed_at is null



  
  
      
    ) dbt_internal_test
[0m00:30:36.915078 [debug] [Thread-1 (]: On test.gridops.not_null_int_eia_demand_hourly_is_missing_demand.9f21613c7f: /* {"app": "dbt", "dbt_version": "1.12.4", "profile_name": "gridops", "target_name": "dev", "node_id": "test.gridops.not_null_int_eia_demand_hourly_is_missing_demand.9f21613c7f"} */

    
    select
      count(*) as failures,
      count(*) != 0 as should_warn,
      count(*) != 0 as should_error
    from (
      
    
  
    
    



select is_missing_demand
from "gridops"."intermediate"."int_eia_demand_hourly"
where is_missing_demand is null



  
  
      
    ) dbt_internal_test
[0m00:30:36.916076 [debug] [Thread-2 (]: Opening a new connection, currently in state init
[0m00:30:36.916076 [debug] [Thread-3 (]: Opening a new connection, currently in state init
[0m00:30:36.917071 [debug] [Thread-1 (]: Opening a new connection, currently in state init
[0m00:30:36.925741 [debug] [Thread-4 (]: SQL status: SELECT 1 in 0.013 seconds
[0m00:30:36.928900 [debug] [Thread-4 (]: On test.gridops.not_null_stg_eia_demand_data_type.17a78ca6bf: ROLLBACK
[0m00:30:36.930992 [debug] [Thread-4 (]: On test.gridops.not_null_stg_eia_demand_data_type.17a78ca6bf: Close
[0m00:30:36.930992 [info ] [Thread-4 (]: 4 of 16 PASS not_null_stg_eia_demand_data_type ................................. [[32mPASS[0m in 0.07s]
[0m00:30:36.932003 [debug] [Thread-4 (]: Finished running node test.gridops.not_null_stg_eia_demand_data_type.17a78ca6bf
[0m00:30:36.933523 [debug] [Thread-4 (]: Began running node test.gridops.not_null_stg_eia_demand_ingested_at.90029da647
[0m00:30:36.933523 [debug] [Thread-3 (]: SQL status: SELECT 1 in 0.017 seconds
[0m00:30:36.934540 [info ] [Thread-4 (]: 5 of 16 START test not_null_stg_eia_demand_ingested_at ......................... [RUN]
[0m00:30:36.936540 [debug] [Thread-3 (]: On test.gridops.not_null_int_eia_demand_hourly_observed_at.445e956599: ROLLBACK
[0m00:30:36.937550 [debug] [Thread-4 (]: Re-using an available connection from the pool (formerly test.gridops.not_null_stg_eia_demand_data_type.17a78ca6bf, now test.gridops.not_null_stg_eia_demand_ingested_at.90029da647)
[0m00:30:36.938537 [debug] [Thread-4 (]: Began compiling node test.gridops.not_null_stg_eia_demand_ingested_at.90029da647
[0m00:30:36.944049 [debug] [Thread-4 (]: Writing injected SQL for node "test.gridops.not_null_stg_eia_demand_ingested_at.90029da647"
[0m00:30:36.944049 [debug] [Thread-3 (]: On test.gridops.not_null_int_eia_demand_hourly_observed_at.445e956599: Close
[0m00:30:36.946056 [info ] [Thread-3 (]: 3 of 16 PASS not_null_int_eia_demand_hourly_observed_at ........................ [[32mPASS[0m in 0.08s]
[0m00:30:36.947058 [debug] [Thread-4 (]: Began executing node test.gridops.not_null_stg_eia_demand_ingested_at.90029da647
[0m00:30:36.948058 [debug] [Thread-3 (]: Finished running node test.gridops.not_null_int_eia_demand_hourly_observed_at.445e956599
[0m00:30:36.950057 [debug] [Thread-4 (]: Writing runtime sql for node "test.gridops.not_null_stg_eia_demand_ingested_at.90029da647"
[0m00:30:36.950569 [debug] [Thread-3 (]: Began running node test.gridops.not_null_stg_eia_demand_observed_at.2c35606241
[0m00:30:36.951584 [info ] [Thread-3 (]: 6 of 16 START test not_null_stg_eia_demand_observed_at ......................... [RUN]
[0m00:30:36.952584 [debug] [Thread-4 (]: Using postgres connection "test.gridops.not_null_stg_eia_demand_ingested_at.90029da647"
[0m00:30:36.952584 [debug] [Thread-3 (]: Re-using an available connection from the pool (formerly test.gridops.not_null_int_eia_demand_hourly_observed_at.445e956599, now test.gridops.not_null_stg_eia_demand_observed_at.2c35606241)
[0m00:30:36.953583 [debug] [Thread-4 (]: On test.gridops.not_null_stg_eia_demand_ingested_at.90029da647: /* {"app": "dbt", "dbt_version": "1.12.4", "profile_name": "gridops", "target_name": "dev", "node_id": "test.gridops.not_null_stg_eia_demand_ingested_at.90029da647"} */

    
    select
      count(*) as failures,
      count(*) != 0 as should_warn,
      count(*) != 0 as should_error
    from (
      
    
  
    
    



select ingested_at
from "gridops"."staging"."stg_eia_demand"
where ingested_at is null



  
  
      
    ) dbt_internal_test
[0m00:30:36.953583 [debug] [Thread-3 (]: Began compiling node test.gridops.not_null_stg_eia_demand_observed_at.2c35606241
[0m00:30:36.954583 [debug] [Thread-4 (]: Opening a new connection, currently in state closed
[0m00:30:36.960115 [debug] [Thread-3 (]: Writing injected SQL for node "test.gridops.not_null_stg_eia_demand_observed_at.2c35606241"
[0m00:30:36.961115 [debug] [Thread-1 (]: SQL status: SELECT 1 in 0.045 seconds
[0m00:30:36.963193 [debug] [Thread-1 (]: On test.gridops.not_null_int_eia_demand_hourly_is_missing_demand.9f21613c7f: ROLLBACK
[0m00:30:36.964236 [debug] [Thread-2 (]: SQL status: SELECT 1 in 0.048 seconds
[0m00:30:36.964972 [debug] [Thread-3 (]: Began executing node test.gridops.not_null_stg_eia_demand_observed_at.2c35606241
[0m00:30:36.966982 [debug] [Thread-2 (]: On test.gridops.not_null_int_eia_demand_hourly_is_missing_source_row.b832619962: ROLLBACK
[0m00:30:36.967501 [debug] [Thread-1 (]: On test.gridops.not_null_int_eia_demand_hourly_is_missing_demand.9f21613c7f: Close
[0m00:30:36.968520 [debug] [Thread-3 (]: Writing runtime sql for node "test.gridops.not_null_stg_eia_demand_observed_at.2c35606241"
[0m00:30:36.970515 [debug] [Thread-2 (]: On test.gridops.not_null_int_eia_demand_hourly_is_missing_source_row.b832619962: Close
[0m00:30:36.970515 [info ] [Thread-1 (]: 1 of 16 PASS not_null_int_eia_demand_hourly_is_missing_demand .................. [[32mPASS[0m in 0.11s]
[0m00:30:36.972517 [debug] [Thread-3 (]: Using postgres connection "test.gridops.not_null_stg_eia_demand_observed_at.2c35606241"
[0m00:30:36.973517 [info ] [Thread-2 (]: 2 of 16 PASS not_null_int_eia_demand_hourly_is_missing_source_row .............. [[32mPASS[0m in 0.11s]
[0m00:30:36.974527 [debug] [Thread-1 (]: Finished running node test.gridops.not_null_int_eia_demand_hourly_is_missing_demand.9f21613c7f
[0m00:30:36.975524 [debug] [Thread-3 (]: On test.gridops.not_null_stg_eia_demand_observed_at.2c35606241: /* {"app": "dbt", "dbt_version": "1.12.4", "profile_name": "gridops", "target_name": "dev", "node_id": "test.gridops.not_null_stg_eia_demand_observed_at.2c35606241"} */

    
    select
      count(*) as failures,
      count(*) != 0 as should_warn,
      count(*) != 0 as should_error
    from (
      
    
  
    
    



select observed_at
from "gridops"."staging"."stg_eia_demand"
where observed_at is null



  
  
      
    ) dbt_internal_test
[0m00:30:36.976037 [debug] [Thread-2 (]: Finished running node test.gridops.not_null_int_eia_demand_hourly_is_missing_source_row.b832619962
[0m00:30:36.977053 [debug] [Thread-1 (]: Began running node test.gridops.not_null_stg_eia_demand_respondent.33c5346b13
[0m00:30:36.977053 [debug] [Thread-3 (]: Opening a new connection, currently in state closed
[0m00:30:36.978053 [debug] [Thread-2 (]: Began running node test.gridops.not_null_stg_eia_demand_respondent_name.ff97f4a853
[0m00:30:36.978053 [info ] [Thread-1 (]: 7 of 16 START test not_null_stg_eia_demand_respondent .......................... [RUN]
[0m00:30:36.979052 [info ] [Thread-2 (]: 8 of 16 START test not_null_stg_eia_demand_respondent_name ..................... [RUN]
[0m00:30:36.979052 [debug] [Thread-1 (]: Re-using an available connection from the pool (formerly test.gridops.not_null_int_eia_demand_hourly_is_missing_demand.9f21613c7f, now test.gridops.not_null_stg_eia_demand_respondent.33c5346b13)
[0m00:30:36.980550 [debug] [Thread-4 (]: SQL status: SELECT 1 in 0.026 seconds
[0m00:30:36.981122 [debug] [Thread-2 (]: Re-using an available connection from the pool (formerly test.gridops.not_null_int_eia_demand_hourly_is_missing_source_row.b832619962, now test.gridops.not_null_stg_eia_demand_respondent_name.ff97f4a853)
[0m00:30:36.982139 [debug] [Thread-1 (]: Began compiling node test.gridops.not_null_stg_eia_demand_respondent.33c5346b13
[0m00:30:36.984035 [debug] [Thread-4 (]: On test.gridops.not_null_stg_eia_demand_ingested_at.90029da647: ROLLBACK
[0m00:30:36.985119 [debug] [Thread-2 (]: Began compiling node test.gridops.not_null_stg_eia_demand_respondent_name.ff97f4a853
[0m00:30:36.990828 [debug] [Thread-1 (]: Writing injected SQL for node "test.gridops.not_null_stg_eia_demand_respondent.33c5346b13"
[0m00:30:36.999017 [debug] [Thread-2 (]: Writing injected SQL for node "test.gridops.not_null_stg_eia_demand_respondent_name.ff97f4a853"
[0m00:30:36.999602 [debug] [Thread-4 (]: On test.gridops.not_null_stg_eia_demand_ingested_at.90029da647: Close
[0m00:30:37.000167 [debug] [Thread-3 (]: SQL status: SELECT 1 in 0.023 seconds
[0m00:30:37.001287 [debug] [Thread-1 (]: Began executing node test.gridops.not_null_stg_eia_demand_respondent.33c5346b13
[0m00:30:37.002389 [debug] [Thread-2 (]: Began executing node test.gridops.not_null_stg_eia_demand_respondent_name.ff97f4a853
[0m00:30:37.003485 [info ] [Thread-4 (]: 5 of 16 PASS not_null_stg_eia_demand_ingested_at ............................... [[32mPASS[0m in 0.07s]
[0m00:30:37.004972 [debug] [Thread-3 (]: On test.gridops.not_null_stg_eia_demand_observed_at.2c35606241: ROLLBACK
[0m00:30:37.006738 [debug] [Thread-1 (]: Writing runtime sql for node "test.gridops.not_null_stg_eia_demand_respondent.33c5346b13"
[0m00:30:37.007888 [debug] [Thread-2 (]: Writing runtime sql for node "test.gridops.not_null_stg_eia_demand_respondent_name.ff97f4a853"
[0m00:30:37.009032 [debug] [Thread-4 (]: Finished running node test.gridops.not_null_stg_eia_demand_ingested_at.90029da647
[0m00:30:37.010143 [debug] [Thread-4 (]: Began running node test.gridops.not_null_stg_eia_demand_type_name.587aa8c6e9
[0m00:30:37.010677 [debug] [Thread-1 (]: Using postgres connection "test.gridops.not_null_stg_eia_demand_respondent.33c5346b13"
[0m00:30:37.010677 [debug] [Thread-3 (]: On test.gridops.not_null_stg_eia_demand_observed_at.2c35606241: Close
[0m00:30:37.011226 [info ] [Thread-4 (]: 9 of 16 START test not_null_stg_eia_demand_type_name ........................... [RUN]
[0m00:30:37.011841 [debug] [Thread-2 (]: Using postgres connection "test.gridops.not_null_stg_eia_demand_respondent_name.ff97f4a853"
[0m00:30:37.012362 [debug] [Thread-1 (]: On test.gridops.not_null_stg_eia_demand_respondent.33c5346b13: /* {"app": "dbt", "dbt_version": "1.12.4", "profile_name": "gridops", "target_name": "dev", "node_id": "test.gridops.not_null_stg_eia_demand_respondent.33c5346b13"} */

    
    select
      count(*) as failures,
      count(*) != 0 as should_warn,
      count(*) != 0 as should_error
    from (
      
    
  
    
    



select respondent
from "gridops"."staging"."stg_eia_demand"
where respondent is null



  
  
      
    ) dbt_internal_test
[0m00:30:37.012897 [debug] [Thread-4 (]: Re-using an available connection from the pool (formerly test.gridops.not_null_stg_eia_demand_ingested_at.90029da647, now test.gridops.not_null_stg_eia_demand_type_name.587aa8c6e9)
[0m00:30:37.013452 [info ] [Thread-3 (]: 6 of 16 PASS not_null_stg_eia_demand_observed_at ............................... [[32mPASS[0m in 0.06s]
[0m00:30:37.014558 [debug] [Thread-2 (]: On test.gridops.not_null_stg_eia_demand_respondent_name.ff97f4a853: /* {"app": "dbt", "dbt_version": "1.12.4", "profile_name": "gridops", "target_name": "dev", "node_id": "test.gridops.not_null_stg_eia_demand_respondent_name.ff97f4a853"} */

    
    select
      count(*) as failures,
      count(*) != 0 as should_warn,
      count(*) != 0 as should_error
    from (
      
    
  
    
    



select respondent_name
from "gridops"."staging"."stg_eia_demand"
where respondent_name is null



  
  
      
    ) dbt_internal_test
[0m00:30:37.015085 [debug] [Thread-1 (]: Opening a new connection, currently in state closed
[0m00:30:37.015614 [debug] [Thread-4 (]: Began compiling node test.gridops.not_null_stg_eia_demand_type_name.587aa8c6e9
[0m00:30:37.016278 [debug] [Thread-3 (]: Finished running node test.gridops.not_null_stg_eia_demand_observed_at.2c35606241
[0m00:30:37.016805 [debug] [Thread-2 (]: Opening a new connection, currently in state closed
[0m00:30:37.022749 [debug] [Thread-4 (]: Writing injected SQL for node "test.gridops.not_null_stg_eia_demand_type_name.587aa8c6e9"
[0m00:30:37.023293 [debug] [Thread-3 (]: Began running node test.gridops.not_null_stg_eia_demand_value_units.e4b924cd16
[0m00:30:37.025086 [info ] [Thread-3 (]: 10 of 16 START test not_null_stg_eia_demand_value_units ........................ [RUN]
[0m00:30:37.026168 [debug] [Thread-4 (]: Began executing node test.gridops.not_null_stg_eia_demand_type_name.587aa8c6e9
[0m00:30:37.026709 [debug] [Thread-3 (]: Re-using an available connection from the pool (formerly test.gridops.not_null_stg_eia_demand_observed_at.2c35606241, now test.gridops.not_null_stg_eia_demand_value_units.e4b924cd16)
[0m00:30:37.028496 [debug] [Thread-4 (]: Writing runtime sql for node "test.gridops.not_null_stg_eia_demand_type_name.587aa8c6e9"
[0m00:30:37.029081 [debug] [Thread-3 (]: Began compiling node test.gridops.not_null_stg_eia_demand_value_units.e4b924cd16
[0m00:30:37.034999 [debug] [Thread-3 (]: Writing injected SQL for node "test.gridops.not_null_stg_eia_demand_value_units.e4b924cd16"
[0m00:30:37.036003 [debug] [Thread-1 (]: SQL status: SELECT 1 in 0.021 seconds
[0m00:30:37.036003 [debug] [Thread-4 (]: Using postgres connection "test.gridops.not_null_stg_eia_demand_type_name.587aa8c6e9"
[0m00:30:37.038465 [debug] [Thread-1 (]: On test.gridops.not_null_stg_eia_demand_respondent.33c5346b13: ROLLBACK
[0m00:30:37.038465 [debug] [Thread-4 (]: On test.gridops.not_null_stg_eia_demand_type_name.587aa8c6e9: /* {"app": "dbt", "dbt_version": "1.12.4", "profile_name": "gridops", "target_name": "dev", "node_id": "test.gridops.not_null_stg_eia_demand_type_name.587aa8c6e9"} */

    
    select
      count(*) as failures,
      count(*) != 0 as should_warn,
      count(*) != 0 as should_error
    from (
      
    
  
    
    



select type_name
from "gridops"."staging"."stg_eia_demand"
where type_name is null



  
  
      
    ) dbt_internal_test
[0m00:30:37.039464 [debug] [Thread-3 (]: Began executing node test.gridops.not_null_stg_eia_demand_value_units.e4b924cd16
[0m00:30:37.039464 [debug] [Thread-4 (]: Opening a new connection, currently in state closed
[0m00:30:37.041466 [debug] [Thread-3 (]: Writing runtime sql for node "test.gridops.not_null_stg_eia_demand_value_units.e4b924cd16"
[0m00:30:37.041466 [debug] [Thread-1 (]: On test.gridops.not_null_stg_eia_demand_respondent.33c5346b13: Close
[0m00:30:37.043455 [debug] [Thread-3 (]: Using postgres connection "test.gridops.not_null_stg_eia_demand_value_units.e4b924cd16"
[0m00:30:37.043455 [info ] [Thread-1 (]: 7 of 16 PASS not_null_stg_eia_demand_respondent ................................ [[32mPASS[0m in 0.06s]
[0m00:30:37.044456 [debug] [Thread-3 (]: On test.gridops.not_null_stg_eia_demand_value_units.e4b924cd16: /* {"app": "dbt", "dbt_version": "1.12.4", "profile_name": "gridops", "target_name": "dev", "node_id": "test.gridops.not_null_stg_eia_demand_value_units.e4b924cd16"} */

    
    select
      count(*) as failures,
      count(*) != 0 as should_warn,
      count(*) != 0 as should_error
    from (
      
    
  
    
    



select value_units
from "gridops"."staging"."stg_eia_demand"
where value_units is null



  
  
      
    ) dbt_internal_test
[0m00:30:37.045467 [debug] [Thread-1 (]: Finished running node test.gridops.not_null_stg_eia_demand_respondent.33c5346b13
[0m00:30:37.045467 [debug] [Thread-3 (]: Opening a new connection, currently in state closed
[0m00:30:37.046455 [debug] [Thread-1 (]: Began running node test.gridops.source_not_null_eia_eia_region_data_data_type.54091de26d
[0m00:30:37.046455 [info ] [Thread-1 (]: 11 of 16 START test source_not_null_eia_eia_region_data_data_type .............. [RUN]
[0m00:30:37.047454 [debug] [Thread-1 (]: Re-using an available connection from the pool (formerly test.gridops.not_null_stg_eia_demand_respondent.33c5346b13, now test.gridops.source_not_null_eia_eia_region_data_data_type.54091de26d)
[0m00:30:37.048452 [debug] [Thread-1 (]: Began compiling node test.gridops.source_not_null_eia_eia_region_data_data_type.54091de26d
[0m00:30:37.054470 [debug] [Thread-1 (]: Writing injected SQL for node "test.gridops.source_not_null_eia_eia_region_data_data_type.54091de26d"
[0m00:30:37.056468 [debug] [Thread-1 (]: Began executing node test.gridops.source_not_null_eia_eia_region_data_data_type.54091de26d
[0m00:30:37.058465 [debug] [Thread-1 (]: Writing runtime sql for node "test.gridops.source_not_null_eia_eia_region_data_data_type.54091de26d"
[0m00:30:37.059468 [debug] [Thread-2 (]: SQL status: SELECT 1 in 0.042 seconds
[0m00:30:37.059468 [debug] [Thread-4 (]: SQL status: SELECT 1 in 0.020 seconds
[0m00:30:37.061469 [debug] [Thread-2 (]: On test.gridops.not_null_stg_eia_demand_respondent_name.ff97f4a853: ROLLBACK
[0m00:30:37.062464 [debug] [Thread-4 (]: On test.gridops.not_null_stg_eia_demand_type_name.587aa8c6e9: ROLLBACK
[0m00:30:37.063468 [debug] [Thread-1 (]: Using postgres connection "test.gridops.source_not_null_eia_eia_region_data_data_type.54091de26d"
[0m00:30:37.063468 [debug] [Thread-1 (]: On test.gridops.source_not_null_eia_eia_region_data_data_type.54091de26d: /* {"app": "dbt", "dbt_version": "1.12.4", "profile_name": "gridops", "target_name": "dev", "node_id": "test.gridops.source_not_null_eia_eia_region_data_data_type.54091de26d"} */

    
    select
      count(*) as failures,
      count(*) != 0 as should_warn,
      count(*) != 0 as should_error
    from (
      
    
  
    
    



select data_type
from "gridops"."raw"."eia_region_data"
where data_type is null



  
  
      
    ) dbt_internal_test
[0m00:30:37.064464 [debug] [Thread-2 (]: On test.gridops.not_null_stg_eia_demand_respondent_name.ff97f4a853: Close
[0m00:30:37.064464 [debug] [Thread-4 (]: On test.gridops.not_null_stg_eia_demand_type_name.587aa8c6e9: Close
[0m00:30:37.065468 [debug] [Thread-1 (]: Opening a new connection, currently in state closed
[0m00:30:37.065468 [info ] [Thread-2 (]: 8 of 16 PASS not_null_stg_eia_demand_respondent_name ........................... [[32mPASS[0m in 0.08s]
[0m00:30:37.067766 [info ] [Thread-4 (]: 9 of 16 PASS not_null_stg_eia_demand_type_name ................................. [[32mPASS[0m in 0.05s]
[0m00:30:37.068767 [debug] [Thread-2 (]: Finished running node test.gridops.not_null_stg_eia_demand_respondent_name.ff97f4a853
[0m00:30:37.069765 [debug] [Thread-4 (]: Finished running node test.gridops.not_null_stg_eia_demand_type_name.587aa8c6e9
[0m00:30:37.069765 [debug] [Thread-3 (]: SQL status: SELECT 1 in 0.024 seconds
[0m00:30:37.070800 [debug] [Thread-2 (]: Began running node test.gridops.source_not_null_eia_eia_region_data_period.c5a2a4e56f
[0m00:30:37.070800 [debug] [Thread-4 (]: Began running node test.gridops.source_not_null_eia_eia_region_data_respondent.accba14cfe
[0m00:30:37.072284 [debug] [Thread-3 (]: On test.gridops.not_null_stg_eia_demand_value_units.e4b924cd16: ROLLBACK
[0m00:30:37.073332 [info ] [Thread-2 (]: 12 of 16 START test source_not_null_eia_eia_region_data_period ................. [RUN]
[0m00:30:37.073332 [info ] [Thread-4 (]: 13 of 16 START test source_not_null_eia_eia_region_data_respondent ............. [RUN]
[0m00:30:37.074298 [debug] [Thread-2 (]: Re-using an available connection from the pool (formerly test.gridops.not_null_stg_eia_demand_respondent_name.ff97f4a853, now test.gridops.source_not_null_eia_eia_region_data_period.c5a2a4e56f)
[0m00:30:37.075543 [debug] [Thread-4 (]: Re-using an available connection from the pool (formerly test.gridops.not_null_stg_eia_demand_type_name.587aa8c6e9, now test.gridops.source_not_null_eia_eia_region_data_respondent.accba14cfe)
[0m00:30:37.075543 [debug] [Thread-3 (]: On test.gridops.not_null_stg_eia_demand_value_units.e4b924cd16: Close
[0m00:30:37.075543 [debug] [Thread-2 (]: Began compiling node test.gridops.source_not_null_eia_eia_region_data_period.c5a2a4e56f
[0m00:30:37.076554 [debug] [Thread-4 (]: Began compiling node test.gridops.source_not_null_eia_eia_region_data_respondent.accba14cfe
[0m00:30:37.076554 [info ] [Thread-3 (]: 10 of 16 PASS not_null_stg_eia_demand_value_units .............................. [[32mPASS[0m in 0.05s]
[0m00:30:37.081553 [debug] [Thread-2 (]: Writing injected SQL for node "test.gridops.source_not_null_eia_eia_region_data_period.c5a2a4e56f"
[0m00:30:37.086553 [debug] [Thread-4 (]: Writing injected SQL for node "test.gridops.source_not_null_eia_eia_region_data_respondent.accba14cfe"
[0m00:30:37.087553 [debug] [Thread-1 (]: SQL status: SELECT 1 in 0.022 seconds
[0m00:30:37.087553 [debug] [Thread-3 (]: Finished running node test.gridops.not_null_stg_eia_demand_value_units.e4b924cd16
[0m00:30:37.090555 [debug] [Thread-1 (]: On test.gridops.source_not_null_eia_eia_region_data_data_type.54091de26d: ROLLBACK
[0m00:30:37.091553 [debug] [Thread-2 (]: Began executing node test.gridops.source_not_null_eia_eia_region_data_period.c5a2a4e56f
[0m00:30:37.091553 [debug] [Thread-3 (]: Began running node test.gridops.source_not_null_eia_eia_region_data_value_units.7cfde86568
[0m00:30:37.091553 [debug] [Thread-4 (]: Began executing node test.gridops.source_not_null_eia_eia_region_data_respondent.accba14cfe
[0m00:30:37.093556 [debug] [Thread-2 (]: Writing runtime sql for node "test.gridops.source_not_null_eia_eia_region_data_period.c5a2a4e56f"
[0m00:30:37.093556 [debug] [Thread-1 (]: On test.gridops.source_not_null_eia_eia_region_data_data_type.54091de26d: Close
[0m00:30:37.094553 [info ] [Thread-3 (]: 14 of 16 START test source_not_null_eia_eia_region_data_value_units ............ [RUN]
[0m00:30:37.095553 [debug] [Thread-4 (]: Writing runtime sql for node "test.gridops.source_not_null_eia_eia_region_data_respondent.accba14cfe"
[0m00:30:37.097564 [debug] [Thread-3 (]: Re-using an available connection from the pool (formerly test.gridops.not_null_stg_eia_demand_value_units.e4b924cd16, now test.gridops.source_not_null_eia_eia_region_data_value_units.7cfde86568)
[0m00:30:37.096564 [info ] [Thread-1 (]: 11 of 16 PASS source_not_null_eia_eia_region_data_data_type .................... [[32mPASS[0m in 0.05s]
[0m00:30:37.098564 [debug] [Thread-2 (]: Using postgres connection "test.gridops.source_not_null_eia_eia_region_data_period.c5a2a4e56f"
[0m00:30:37.100067 [debug] [Thread-3 (]: Began compiling node test.gridops.source_not_null_eia_eia_region_data_value_units.7cfde86568
[0m00:30:37.100067 [debug] [Thread-1 (]: Finished running node test.gridops.source_not_null_eia_eia_region_data_data_type.54091de26d
[0m00:30:37.100067 [debug] [Thread-4 (]: Using postgres connection "test.gridops.source_not_null_eia_eia_region_data_respondent.accba14cfe"
[0m00:30:37.101332 [debug] [Thread-2 (]: On test.gridops.source_not_null_eia_eia_region_data_period.c5a2a4e56f: /* {"app": "dbt", "dbt_version": "1.12.4", "profile_name": "gridops", "target_name": "dev", "node_id": "test.gridops.source_not_null_eia_eia_region_data_period.c5a2a4e56f"} */

    
    select
      count(*) as failures,
      count(*) != 0 as should_warn,
      count(*) != 0 as should_error
    from (
      
    
  
    
    



select period
from "gridops"."raw"."eia_region_data"
where period is null



  
  
      
    ) dbt_internal_test
[0m00:30:37.105683 [debug] [Thread-3 (]: Writing injected SQL for node "test.gridops.source_not_null_eia_eia_region_data_value_units.7cfde86568"
[0m00:30:37.106675 [debug] [Thread-1 (]: Began running node test.gridops.unique_int_eia_demand_hourly_observed_at.4c8632502f
[0m00:30:37.107685 [debug] [Thread-4 (]: On test.gridops.source_not_null_eia_eia_region_data_respondent.accba14cfe: /* {"app": "dbt", "dbt_version": "1.12.4", "profile_name": "gridops", "target_name": "dev", "node_id": "test.gridops.source_not_null_eia_eia_region_data_respondent.accba14cfe"} */

    
    select
      count(*) as failures,
      count(*) != 0 as should_warn,
      count(*) != 0 as should_error
    from (
      
    
  
    
    



select respondent
from "gridops"."raw"."eia_region_data"
where respondent is null



  
  
      
    ) dbt_internal_test
[0m00:30:37.107685 [debug] [Thread-2 (]: Opening a new connection, currently in state closed
[0m00:30:37.108685 [info ] [Thread-1 (]: 15 of 16 START test unique_int_eia_demand_hourly_observed_at ................... [RUN]
[0m00:30:37.108685 [debug] [Thread-4 (]: Opening a new connection, currently in state closed
[0m00:30:37.108685 [debug] [Thread-3 (]: Began executing node test.gridops.source_not_null_eia_eia_region_data_value_units.7cfde86568
[0m00:30:37.110101 [debug] [Thread-1 (]: Re-using an available connection from the pool (formerly test.gridops.source_not_null_eia_eia_region_data_data_type.54091de26d, now test.gridops.unique_int_eia_demand_hourly_observed_at.4c8632502f)
[0m00:30:37.112124 [debug] [Thread-3 (]: Writing runtime sql for node "test.gridops.source_not_null_eia_eia_region_data_value_units.7cfde86568"
[0m00:30:37.112124 [debug] [Thread-1 (]: Began compiling node test.gridops.unique_int_eia_demand_hourly_observed_at.4c8632502f
[0m00:30:37.121816 [debug] [Thread-1 (]: Writing injected SQL for node "test.gridops.unique_int_eia_demand_hourly_observed_at.4c8632502f"
[0m00:30:37.122784 [debug] [Thread-3 (]: Using postgres connection "test.gridops.source_not_null_eia_eia_region_data_value_units.7cfde86568"
[0m00:30:37.123785 [debug] [Thread-3 (]: On test.gridops.source_not_null_eia_eia_region_data_value_units.7cfde86568: /* {"app": "dbt", "dbt_version": "1.12.4", "profile_name": "gridops", "target_name": "dev", "node_id": "test.gridops.source_not_null_eia_eia_region_data_value_units.7cfde86568"} */

    
    select
      count(*) as failures,
      count(*) != 0 as should_warn,
      count(*) != 0 as should_error
    from (
      
    
  
    
    



select value_units
from "gridops"."raw"."eia_region_data"
where value_units is null



  
  
      
    ) dbt_internal_test
[0m00:30:37.123785 [debug] [Thread-3 (]: Opening a new connection, currently in state closed
[0m00:30:37.124821 [debug] [Thread-1 (]: Began executing node test.gridops.unique_int_eia_demand_hourly_observed_at.4c8632502f
[0m00:30:37.126325 [debug] [Thread-1 (]: Writing runtime sql for node "test.gridops.unique_int_eia_demand_hourly_observed_at.4c8632502f"
[0m00:30:37.128327 [debug] [Thread-1 (]: Using postgres connection "test.gridops.unique_int_eia_demand_hourly_observed_at.4c8632502f"
[0m00:30:37.128702 [debug] [Thread-1 (]: On test.gridops.unique_int_eia_demand_hourly_observed_at.4c8632502f: /* {"app": "dbt", "dbt_version": "1.12.4", "profile_name": "gridops", "target_name": "dev", "node_id": "test.gridops.unique_int_eia_demand_hourly_observed_at.4c8632502f"} */

    
    select
      count(*) as failures,
      count(*) != 0 as should_warn,
      count(*) != 0 as should_error
    from (
      
    
  
    
    

select
    observed_at as unique_field,
    count(*) as n_records

from "gridops"."intermediate"."int_eia_demand_hourly"
where observed_at is not null
group by observed_at
having count(*) > 1



  
  
      
    ) dbt_internal_test
[0m00:30:37.129695 [debug] [Thread-1 (]: Opening a new connection, currently in state closed
[0m00:30:37.142304 [debug] [Thread-2 (]: SQL status: SELECT 1 in 0.035 seconds
[0m00:30:37.144302 [debug] [Thread-2 (]: On test.gridops.source_not_null_eia_eia_region_data_period.c5a2a4e56f: ROLLBACK
[0m00:30:37.144302 [debug] [Thread-4 (]: SQL status: SELECT 1 in 0.035 seconds
[0m00:30:37.145816 [debug] [Thread-4 (]: On test.gridops.source_not_null_eia_eia_region_data_respondent.accba14cfe: ROLLBACK
[0m00:30:37.145816 [debug] [Thread-2 (]: On test.gridops.source_not_null_eia_eia_region_data_period.c5a2a4e56f: Close
[0m00:30:37.146832 [debug] [Thread-4 (]: On test.gridops.source_not_null_eia_eia_region_data_respondent.accba14cfe: Close
[0m00:30:37.146832 [info ] [Thread-2 (]: 12 of 16 PASS source_not_null_eia_eia_region_data_period ....................... [[32mPASS[0m in 0.07s]
[0m00:30:37.147828 [info ] [Thread-4 (]: 13 of 16 PASS source_not_null_eia_eia_region_data_respondent ................... [[32mPASS[0m in 0.07s]
[0m00:30:37.148828 [debug] [Thread-2 (]: Finished running node test.gridops.source_not_null_eia_eia_region_data_period.c5a2a4e56f
[0m00:30:37.148828 [debug] [Thread-4 (]: Finished running node test.gridops.source_not_null_eia_eia_region_data_respondent.accba14cfe
[0m00:30:37.150098 [debug] [Thread-2 (]: Began running node test.gridops.unique_stg_eia_demand_observed_at.bd3bccfb12
[0m00:30:37.150098 [info ] [Thread-2 (]: 16 of 16 START test unique_stg_eia_demand_observed_at .......................... [RUN]
[0m00:30:37.151096 [debug] [Thread-2 (]: Re-using an available connection from the pool (formerly test.gridops.source_not_null_eia_eia_region_data_period.c5a2a4e56f, now test.gridops.unique_stg_eia_demand_observed_at.bd3bccfb12)
[0m00:30:37.152258 [debug] [Thread-2 (]: Began compiling node test.gridops.unique_stg_eia_demand_observed_at.bd3bccfb12
[0m00:30:37.155378 [debug] [Thread-2 (]: Writing injected SQL for node "test.gridops.unique_stg_eia_demand_observed_at.bd3bccfb12"
[0m00:30:37.155378 [debug] [Thread-2 (]: Began executing node test.gridops.unique_stg_eia_demand_observed_at.bd3bccfb12
[0m00:30:37.155378 [debug] [Thread-2 (]: Writing runtime sql for node "test.gridops.unique_stg_eia_demand_observed_at.bd3bccfb12"
[0m00:30:37.155378 [debug] [Thread-2 (]: Using postgres connection "test.gridops.unique_stg_eia_demand_observed_at.bd3bccfb12"
[0m00:30:37.155378 [debug] [Thread-3 (]: SQL status: SELECT 1 in 0.041 seconds
[0m00:30:37.155378 [debug] [Thread-2 (]: On test.gridops.unique_stg_eia_demand_observed_at.bd3bccfb12: /* {"app": "dbt", "dbt_version": "1.12.4", "profile_name": "gridops", "target_name": "dev", "node_id": "test.gridops.unique_stg_eia_demand_observed_at.bd3bccfb12"} */

    
    select
      count(*) as failures,
      count(*) != 0 as should_warn,
      count(*) != 0 as should_error
    from (
      
    
  
    
    

select
    observed_at as unique_field,
    count(*) as n_records

from "gridops"."staging"."stg_eia_demand"
where observed_at is not null
group by observed_at
having count(*) > 1



  
  
      
    ) dbt_internal_test
[0m00:30:37.168215 [debug] [Thread-3 (]: On test.gridops.source_not_null_eia_eia_region_data_value_units.7cfde86568: ROLLBACK
[0m00:30:37.169294 [debug] [Thread-2 (]: Opening a new connection, currently in state closed
[0m00:30:37.170915 [debug] [Thread-3 (]: On test.gridops.source_not_null_eia_eia_region_data_value_units.7cfde86568: Close
[0m00:30:37.171916 [info ] [Thread-3 (]: 14 of 16 PASS source_not_null_eia_eia_region_data_value_units .................. [[32mPASS[0m in 0.07s]
[0m00:30:37.172916 [debug] [Thread-3 (]: Finished running node test.gridops.source_not_null_eia_eia_region_data_value_units.7cfde86568
[0m00:30:37.173923 [debug] [Thread-1 (]: SQL status: SELECT 1 in 0.046 seconds
[0m00:30:37.176697 [debug] [Thread-1 (]: On test.gridops.unique_int_eia_demand_hourly_observed_at.4c8632502f: ROLLBACK
[0m00:30:37.177696 [debug] [Thread-1 (]: On test.gridops.unique_int_eia_demand_hourly_observed_at.4c8632502f: Close
[0m00:30:37.178696 [info ] [Thread-1 (]: 15 of 16 PASS unique_int_eia_demand_hourly_observed_at ......................... [[32mPASS[0m in 0.07s]
[0m00:30:37.178696 [debug] [Thread-1 (]: Finished running node test.gridops.unique_int_eia_demand_hourly_observed_at.4c8632502f
[0m00:30:37.208619 [debug] [Thread-2 (]: SQL status: SELECT 1 in 0.039 seconds
[0m00:30:37.209878 [debug] [Thread-2 (]: On test.gridops.unique_stg_eia_demand_observed_at.bd3bccfb12: ROLLBACK
[0m00:30:37.210853 [debug] [Thread-2 (]: On test.gridops.unique_stg_eia_demand_observed_at.bd3bccfb12: Close
[0m00:30:37.211856 [info ] [Thread-2 (]: 16 of 16 PASS unique_stg_eia_demand_observed_at ................................ [[32mPASS[0m in 0.06s]
[0m00:30:37.212856 [debug] [Thread-2 (]: Finished running node test.gridops.unique_stg_eia_demand_observed_at.bd3bccfb12
[0m00:30:37.213853 [debug] [MainThread]: On master: COMMIT
[0m00:30:37.213853 [debug] [MainThread]: Using postgres connection "master"
[0m00:30:37.214852 [debug] [MainThread]: On master: COMMIT
[0m00:30:37.214852 [debug] [MainThread]: Opening a new connection, currently in state closed
[0m00:30:37.223416 [debug] [MainThread]: SQL status: COMMIT in 0.009 seconds
[0m00:30:37.224901 [debug] [MainThread]: On master: Close
[0m00:30:37.225906 [debug] [MainThread]: Connection 'master' was properly closed.
[0m00:30:37.225906 [debug] [MainThread]: Connection 'list_gridops_staging' was properly closed.
[0m00:30:37.226913 [debug] [MainThread]: Connection 'list_gridops_intermediate' was properly closed.
[0m00:30:37.226913 [debug] [MainThread]: Connection 'test.gridops.unique_int_eia_demand_hourly_observed_at.4c8632502f' was properly closed.
[0m00:30:37.226913 [debug] [MainThread]: Connection 'test.gridops.unique_stg_eia_demand_observed_at.bd3bccfb12' was properly closed.
[0m00:30:37.227913 [debug] [MainThread]: Connection 'test.gridops.source_not_null_eia_eia_region_data_value_units.7cfde86568' was properly closed.
[0m00:30:37.227913 [debug] [MainThread]: Connection 'test.gridops.source_not_null_eia_eia_region_data_respondent.accba14cfe' was properly closed.
[0m00:30:37.228939 [info ] [MainThread]: 
[0m00:30:37.229912 [info ] [MainThread]: Finished running 16 data tests in 0 hours 0 minutes and 0.48 seconds (0.48s).
[0m00:30:37.231911 [debug] [MainThread]: Command end result
[0m00:30:37.263024 [debug] [MainThread]: Wrote artifact WritableManifest to dbt\target\manifest.json
[0m00:30:37.268017 [debug] [MainThread]: Wrote artifact SemanticManifest to dbt\target\semantic_manifest.json
[0m00:30:37.273017 [debug] [MainThread]: Wrote artifact OsiDocument to dbt\target\osi_document.json
[0m00:30:37.281237 [debug] [MainThread]: Wrote artifact RunExecutionResult to dbt\target\run_results.json
[0m00:30:37.281237 [info ] [MainThread]: 
[0m00:30:37.282238 [info ] [MainThread]: [32mCompleted successfully[0m
[0m00:30:37.282238 [info ] [MainThread]: 
[0m00:30:37.283237 [info ] [MainThread]: Done. PASS=16 WARN=0 ERROR=0 SKIP=0 NO-OP=0 REUSED=0 TOTAL=16
[0m00:30:37.284240 [debug] [MainThread]: Command `dbt test` succeeded at 00:30:37.284240 after 1.40 seconds
[0m00:30:37.285056 [debug] [MainThread]: Sending event: {'category': 'dbt', 'action': 'invocation', 'label': 'end', 'context': [<snowplow_tracker.self_describing_json.SelfDescribingJson object at 0x000002221641DF70>, <snowplow_tracker.self_describing_json.SelfDescribingJson object at 0x00000222143881D0>, <snowplow_tracker.self_describing_json.SelfDescribingJson object at 0x0000022214388140>]}
[0m00:30:37.285056 [debug] [MainThread]: Flushing usage events
[0m00:30:37.532898 [debug] [MainThread]: An error was encountered while trying to flush usage events
